시도,승인일자,이용건수_전체,이용금액_전체,이용건수_개인,이용금액_개인,이용건수_법인,이용금액_법인
제주,20200101,179.0,5526.0,167.0,4953.0,12.0,573.0
제주,20200102,212.0,7303.0,192.0,6121.0,20.0,1182.0
제주,20200103,220.0,7666.0,199.0,6368.0,20.0,1298.0
제주,20200104,216.0,7192.0,199.0,6314.0,17.0,878.0
제주,20200105,188.0,5851.0,175.0,5226.0,13.0,625.0
제주,20200106,217.0,7801.0,197.0,6616.0,20.0,1185.0
제주,20200107,205.0,7167.0,186.0,5989.0,19.0,1178.0
제주,20200108,208.0,7165.0,189.0,5957.0,19.0,1208.0
제주,20200109,216.0,7429.0,195.0,6184.0,20.0,1245.0
제주,20200110,222.0,7829.0,201.0,6520.0,21.0,1310.0
제주,20200111,217.0,7364.0,200.0,6497.0,16.0,866.0
제주,20200112,184.0,5865.0,171.0,5240.0,13.0,625.0
제주,20200113,216.0,7788.0,196.0,6344.0,20.0,1444.0
제주,20200114,209.0,7966.0,190.0,6641.0,19.0,1325.0
제주,20200115,218.0,8222.0,197.0,6729.0,21.0,1493.0
제주,20200116,220.0,8407.0,199.0,6930.0,21.0,1476.0
제주,20200117,225.0,8684.0,203.0,7144.0,21.0,1540.0
제주,20200118,217.0,7638.0,200.0,6690.0,17.0,948.0
제주,20200119,187.0,6199.0,174.0,5452.0,13.0,748.0
제주,20200120,222.0,8918.0,201.0,7212.0,21.0,1707.0
제주,20200121,223.0,9180.0,202.0,7345.0,21.0,1835.0
제주,20200122,212.0,9291.0,191.0,7432.0,20.0,1859.0
제주,20200123,260.0,12006.0,238.0,9989.0,21.0,2017.0
제주,20200124,213.0,7231.0,200.0,6539.0,13.0,691.0
제주,20200125,106.0,2584.0,100.0,2353.0,6.0,231.0
제주,20200126,153.0,4629.0,143.0,4239.0,9.0,390.0
제주,20200127,145.0,4377.0,136.0,3936.0,9.0,441.0
제주,20200128,206.0,7323.0,188.0,6001.0,19.0,1323.0
제주,20200129,200.0,7250.0,180.0,5747.0,20.0,1503.0
제주,20200130,200.0,7151.0,180.0,5686.0,20.0,1465.0
제주,20200131,209.0,8237.0,188.0,6295.0,21.0,1942.0
제주,20200201,197.0,6417.0,182.0,5643.0,15.0,774.0
제주,20200202,165.0,5031.0,154.0,4503.0,11.0,528.0
제주,20200203,199.0,6934.0,180.0,5668.0,20.0,1267.0
제주,20200204,193.0,6711.0,174.0,5438.0,19.0,1273.0
제주,20200205,192.0,6589.0,172.0,5382.0,19.0,1208.0
제주,20200206,192.0,6863.0,173.0,5566.0,19.0,1297.0
제주,20200207,199.0,7308.0,180.0,5989.0,20.0,1319.0
제주,20200208,186.0,5958.0,172.0,5267.0,15.0,691.0
제주,20200209,162.0,4798.0,150.0,4304.0,11.0,494.0
제주,20200210,199.0,7095.0,180.0,5811.0,20.0,1283.0
제주,20200211,197.0,6787.0,178.0,5456.0,20.0,1331.0
제주,20200212,188.0,6275.0,170.0,5136.0,18.0,1139.0
제주,20200213,205.0,7515.0,186.0,6199.0,19.0,1317.0
제주,20200214,216.0,7727.0,196.0,6412.0,20.0,1315.0
제주,20200215,206.0,6596.0,190.0,5871.0,16.0,725.0
제주,20200216,158.0,4764.0,147.0,4304.0,11.0,460.0
제주,20200217,176.0,6788.0,159.0,5718.0,16.0,1070.0
제주,20200218,197.0,7348.0,178.0,6074.0,19.0,1274.0
제주,20200219,204.0,7274.0,183.0,5973.0,20.0,1301.0
제주,20200220,208.0,7258.0,187.0,5912.0,21.0,1347.0
제주,20200221,208.0,7617.0,187.0,6241.0,20.0,1377.0
제주,20200222,190.0,6129.0,174.0,5432.0,15.0,697.0
제주,20200223,165.0,4964.0,153.0,4452.0,12.0,512.0
제주,20200224,195.0,7099.0,175.0,5682.0,20.0,1417.0
제주,20200225,187.0,7014.0,169.0,5654.0,19.0,1360.0
제주,20200226,184.0,6724.0,165.0,5344.0,19.0,1380.0
제주,20200227,185.0,6605.0,166.0,5282.0,19.0,1323.0
제주,20200228,179.0,6792.0,161.0,5188.0,19.0,1604.0
제주,20200229,166.0,5308.0,153.0,4644.0,13.0,664.0
제주,20200301,147.0,4337.0,137.0,3884.0,10.0,453.0
제주,20200302,190.0,6612.0,171.0,5483.0,18.0,1129.0
제주,20200303,189.0,6366.0,170.0,5173.0,19.0,1192.0
제주,20200304,182.0,6257.0,163.0,5157.0,19.0,1099.0
제주,20200305,187.0,6216.0,168.0,5085.0,18.0,1131.0
제주,20200306,197.0,6647.0,178.0,5468.0,19.0,1179.0
제주,20200307,172.0,5286.0,159.0,4726.0,13.0,560.0
제주,20200308,164.0,4664.0,153.0,4204.0,11.0,460.0
제주,20200309,178.0,5999.0,161.0,4968.0,18.0,1031.0
제주,20200310,180.0,6043.0,163.0,5049.0,17.0,995.0
제주,20200311,195.0,6606.0,176.0,5432.0,19.0,1174.0
제주,20200312,194.0,6387.0,175.0,5270.0,19.0,1117.0
제주,20200313,200.0,6923.0,181.0,5703.0,19.0,1220.0
제주,20200314,200.0,6345.0,184.0,5606.0,16.0,739.0
제주,20200315,163.0,4790.0,152.0,4330.0,11.0,460.0
제주,20200316,200.0,7313.0,181.0,6180.0,19.0,1133.0
제주,20200317,200.0,7461.0,181.0,6278.0,19.0,1182.0
제주,20200318,201.0,7037.0,182.0,5890.0,20.0,1146.0
제주,20200319,193.0,6709.0,174.0,5596.0,19.0,1113.0
제주,20200320,208.0,7307.0,188.0,6083.0,20.0,1224.0
제주,20200321,209.0,6465.0,193.0,5739.0,16.0,726.0
제주,20200322,168.0,4845.0,156.0,4368.0,12.0,476.0
제주,20200323,202.0,6820.0,182.0,5633.0,20.0,1188.0
제주,20200324,197.0,6671.0,177.0,5416.0,20.0,1255.0
제주,20200325,201.0,6745.0,181.0,5524.0,20.0,1222.0
제주,20200326,174.0,5779.0,158.0,4757.0,17.0,1023.0
제주,20200327,192.0,6768.0,174.0,5557.0,18.0,1211.0
제주,20200328,183.0,5689.0,169.0,5061.0,14.0,629.0
제주,20200329,165.0,4818.0,153.0,4348.0,12.0,469.0
제주,20200330,195.0,6868.0,175.0,5486.0,20.0,1383.0
제주,20200331,198.0,7181.0,178.0,5611.0,20.0,1570.0
제주,20200401,193.0,6782.0,174.0,5453.0,19.0,1329.0
제주,20200402,194.0,6359.0,175.0,5236.0,19.0,1123.0
제주,20200403,205.0,6862.0,185.0,5651.0,20.0,1211.0
제주,20200404,203.0,6180.0,187.0,5474.0,16.0,706.0
제주,20200405,169.0,4860.0,157.0,4367.0,12.0,493.0
제주,20200406,197.0,6500.0,177.0,5346.0,20.0,1155.0
제주,20200407,194.0,6368.0,175.0,5187.0,19.0,1180.0
제주,20200408,196.0,6423.0,176.0,5311.0,20.0,1112.0
제주,20200409,192.0,6332.0,173.0,5186.0,19.0,1145.0
제주,20200410,202.0,6537.0,183.0,5377.0,20.0,1159.0
제주,20200411,186.0,5856.0,172.0,5205.0,14.0,650.0
제주,20200412,146.0,4254.0,135.0,3829.0,10.0,425.0
제주,20200413,197.0,6960.0,178.0,5838.0,19.0,1122.0
제주,20200414,205.0,7183.0,185.0,5994.0,20.0,1188.0
제주,20200415,196.0,5894.0,180.0,5229.0,15.0,665.0
제주,20200416,200.0,6982.0,181.0,5952.0,19.0,1030.0
제주,20200417,191.0,7230.0,173.0,6155.0,17.0,1076.0
제주,20200418,207.0,6429.0,192.0,5739.0,16.0,690.0
제주,20200419,142.0,4155.0,132.0,3777.0,10.0,378.0
제주,20200420,201.0,7393.0,182.0,6185.0,19.0,1209.0
제주,20200421,195.0,6847.0,176.0,5582.0,20.0,1265.0
제주,20200422,192.0,6749.0,173.0,5577.0,20.0,1172.0
제주,20200423,195.0,6702.0,176.0,5532.0,19.0,1170.0
제주,20200424,212.0,7345.0,192.0,6084.0,20.0,1261.0
제주,20200425,212.0,6590.0,197.0,5870.0,16.0,720.0
제주,20200426,186.0,5447.0,173.0,4905.0,13.0,543.0
제주,20200427,210.0,7326.0,189.0,5952.0,21.0,1374.0
제주,20200428,211.0,7403.0,190.0,5959.0,21.0,1444.0
제주,20200429,223.0,8574.0,201.0,6631.0,23.0,1943.0
제주,20200430,213.0,6741.0,196.0,5859.0,17.0,882.0
제주,20200501,217.0,6809.0,201.0,5940.0,16.0,868.0
제주,20200502,215.0,6846.0,200.0,6140.0,16.0,706.0
제주,20200503,184.0,5603.0,171.0,5053.0,12.0,550.0
제주,20200504,227.0,8114.0,207.0,6782.0,20.0,1332.0
제주,20200505,207.0,6363.0,192.0,5705.0,15.0,658.0
제주,20200506,217.0,7609.0,196.0,6284.0,21.0,1325.0
제주,20200507,217.0,7630.0,196.0,6305.0,21.0,1325.0
제주,20200508,225.0,8133.0,205.0,6740.0,20.0,1393.0
제주,20200509,198.0,6312.0,184.0,5646.0,14.0,666.0
제주,20200510,176.0,5168.0,164.0,4663.0,12.0,504.0
제주,20200511,213.0,7086.0,192.0,5819.0,21.0,1268.0
제주,20200512,207.0,6896.0,187.0,5655.0,21.0,1241.0
제주,20200513,217.0,7153.0,196.0,5850.0,21.0,1303.0
제주,20200514,221.0,7299.0,200.0,6086.0,20.0,1213.0
제주,20200515,217.0,7563.0,199.0,6436.0,18.0,1127.0
제주,20200516,225.0,7364.0,211.0,6729.0,14.0,636.0
제주,20200517,196.0,5907.0,185.0,5456.0,11.0,451.0
제주,20200518,218.0,7651.0,200.0,6542.0,18.0,1109.0
제주,20200519,221.0,8387.0,203.0,7192.0,18.0,1194.0
제주,20200520,231.0,9043.0,213.0,7853.0,19.0,1191.0
제주,20200521,228.0,8261.0,210.0,7127.0,18.0,1134.0
제주,20200522,234.0,8504.0,215.0,7246.0,19.0,1258.0
제주,20200523,240.0,7579.0,225.0,6895.0,14.0,684.0
제주,20200524,207.0,6121.0,196.0,5615.0,11.0,505.0
제주,20200525,227.0,7822.0,209.0,6676.0,18.0,1146.0
제주,20200526,225.0,7839.0,206.0,6439.0,19.0,1400.0
제주,20200527,223.0,7528.0,204.0,6280.0,19.0,1247.0
제주,20200528,223.0,7603.0,203.0,6257.0,20.0,1346.0
제주,20200529,232.0,8427.0,211.0,6743.0,21.0,1684.0
제주,20200530,226.0,7220.0,211.0,6413.0,15.0,807.0
제주,20200531,192.0,5812.0,180.0,5279.0,11.0,532.0
제주,20200601,223.0,7784.0,204.0,6473.0,20.0,1311.0
제주,20200602,223.0,7544.0,203.0,6136.0,20.0,1408.0
제주,20200603,216.0,7149.0,197.0,5926.0,20.0,1223.0
제주,20200604,223.0,7355.0,203.0,6028.0,20.0,1326.0
제주,20200605,233.0,7847.0,212.0,6486.0,21.0,1361.0
제주,20200606,229.0,6950.0,213.0,6221.0,16.0,729.0
제주,20200607,205.0,5877.0,192.0,5301.0,13.0,577.0
제주,20200608,233.0,7471.0,211.0,6134.0,21.0,1338.0
제주,20200609,226.0,7131.0,205.0,5856.0,21.0,1275.0
제주,20200610,218.0,7108.0,197.0,5844.0,20.0,1263.0
제주,20200611,221.0,7164.0,201.0,5801.0,20.0,1363.0
제주,20200612,220.0,7037.0,200.0,5781.0,20.0,1256.0
제주,20200613,209.0,6601.0,195.0,5896.0,15.0,705.0
제주,20200614,180.0,5230.0,168.0,4732.0,12.0,498.0
제주,20200615,226.0,7538.0,205.0,6283.0,21.0,1255.0
제주,20200616,226.0,8252.0,205.0,6925.0,21.0,1327.0
제주,20200617,203.0,7227.0,183.0,5973.0,20.0,1253.0
제주,20200618,198.0,6817.0,179.0,5632.0,18.0,1185.0
제주,20200619,227.0,7785.0,206.0,6434.0,21.0,1351.0
제주,20200620,236.0,7242.0,219.0,6416.0,18.0,825.0
제주,20200621,205.0,5856.0,191.0,5264.0,14.0,592.0
제주,20200622,229.0,7429.0,207.0,6149.0,22.0,1280.0
제주,20200623,226.0,7304.0,204.0,5940.0,22.0,1364.0
제주,20200624,192.0,6383.0,173.0,5114.0,19.0,1270.0
제주,20200625,202.0,6695.0,182.0,5370.0,20.0,1325.0
제주,20200626,231.0,7909.0,208.0,6356.0,23.0,1553.0
제주,20200627,217.0,6834.0,200.0,6035.0,17.0,799.0
제주,20200628,198.0,5827.0,184.0,5230.0,14.0,597.0
제주,20200629,190.0,6835.0,171.0,5295.0,19.0,1540.0
제주,20200630,216.0,8181.0,194.0,6200.0,22.0,1982.0
제주,20200701,220.0,7413.0,198.0,5957.0,22.0,1456.0
제주,20200702,219.0,7231.0,197.0,5865.0,22.0,1366.0
제주,20200703,203.0,7004.0,184.0,5732.0,20.0,1272.0
제주,20200704,220.0,6938.0,203.0,6123.0,17.0,815.0
제주,20200705,193.0,5681.0,180.0,5104.0,13.0,577.0
제주,20200706,208.0,6983.0,188.0,5728.0,20.0,1255.0
제주,20200707,199.0,6443.0,180.0,5273.0,19.0,1170.0
제주,20200708,222.0,7213.0,200.0,5845.0,22.0,1369.0
제주,20200709,217.0,7044.0,196.0,5694.0,22.0,1351.0
제주,20200710,223.0,7304.0,202.0,6007.0,21.0,1297.0
제주,20200711,233.0,7203.0,215.0,6364.0,18.0,839.0
제주,20200712,184.0,5382.0,172.0,4816.0,13.0,566.0
제주,20200713,209.0,6794.0,189.0,5551.0,20.0,1242.0
제주,20200714,218.0,7172.0,197.0,5789.0,21.0,1383.0
제주,20200715,226.0,7629.0,203.0,6179.0,22.0,1449.0
제주,20200716,233.0,8486.0,210.0,7052.0,23.0,1435.0
제주,20200717,234.0,8022.0,211.0,6715.0,23.0,1307.0
제주,20200718,223.0,6895.0,206.0,6110.0,17.0,786.0
제주,20200719,194.0,5462.0,181.0,4881.0,14.0,581.0
제주,20200720,224.0,7605.0,203.0,6329.0,21.0,1276.0
제주,20200721,221.0,7159.0,199.0,5871.0,22.0,1289.0
제주,20200722,221.0,7065.0,199.0,5745.0,22.0,1321.0
제주,20200723,206.0,6533.0,185.0,5325.0,20.0,1208.0
제주,20200724,220.0,7333.0,198.0,6014.0,21.0,1319.0
제주,20200725,230.0,6898.0,213.0,6068.0,18.0,830.0
제주,20200726,210.0,5892.0,195.0,5277.0,15.0,614.0
제주,20200727,198.0,6442.0,179.0,5235.0,19.0,1206.0
제주,20200728,228.0,7368.0,205.0,5931.0,22.0,1437.0
제주,20200729,233.0,7502.0,209.0,6017.0,23.0,1485.0
제주,20200730,234.0,7537.0,210.0,6019.0,24.0,1518.0
제주,20200731,247.0,8752.0,223.0,6727.0,25.0,2024.0
제주,20200801,249.0,7664.0,230.0,6758.0,20.0,906.0
제주,20200802,217.0,6247.0,201.0,5577.0,15.0,669.0
제주,20200803,250.0,8150.0,226.0,6663.0,24.0,1488.0
제주,20200804,246.0,7927.0,222.0,6431.0,24.0,1496.0
제주,20200805,239.0,7849.0,216.0,6483.0,23.0,1365.0
제주,20200806,237.0,7696.0,215.0,6247.0,23.0,1449.0
제주,20200807,248.0,8183.0,224.0,6673.0,24.0,1510.0
제주,20200808,250.0,7775.0,231.0,6860.0,19.0,914.0
제주,20200809,220.0,6317.0,205.0,5639.0,16.0,678.0
제주,20200810,231.0,7467.0,209.0,6091.0,21.0,1376.0
제주,20200811,232.0,7518.0,210.0,6181.0,22.0,1336.0
제주,20200812,245.0,7921.0,221.0,6453.0,24.0,1469.0
제주,20200813,248.0,7822.0,224.0,6361.0,24.0,1461.0
제주,20200814,258.0,8408.0,233.0,6924.0,25.0,1484.0
제주,20200815,250.0,7739.0,230.0,6816.0,19.0,923.0
제주,20200816,225.0,6574.0,209.0,5853.0,16.0,720.0
제주,20200817,241.0,7211.0,222.0,6321.0,20.0,890.0
제주,20200818,257.0,8551.0,232.0,7089.0,24.0,1461.0
제주,20200819,253.0,9043.0,229.0,7553.0,24.0,1490.0
제주,20200820,251.0,8596.0,227.0,7167.0,24.0,1429.0
제주,20200821,253.0,8688.0,229.0,7195.0,24.0,1493.0
제주,20200822,227.0,6963.0,209.0,6142.0,18.0,821.0
제주,20200823,210.0,6136.0,195.0,5506.0,15.0,630.0
제주,20200824,248.0,8269.0,225.0,6879.0,24.0,1390.0
제주,20200825,228.0,7524.0,206.0,6184.0,22.0,1340.0
제주,20200826,120.0,3480.0,109.0,2931.0,11.0,549.0
제주,20200827,233.0,7939.0,211.0,6444.0,22.0,1496.0
제주,20200828,237.0,8070.0,214.0,6485.0,23.0,1585.0
제주,20200829,226.0,6852.0,208.0,5991.0,18.0,861.0
제주,20200830,187.0,5131.0,174.0,4574.0,14.0,557.0
제주,20200831,225.0,8126.0,202.0,6255.0,23.0,1871.0
제주,20200901,216.0,7357.0,195.0,5863.0,21.0,1494.0
제주,20200902,102.0,3208.0,91.0,2624.0,11.0,585.0
제주,20200903,224.0,7095.0,202.0,5829.0,21.0,1266.0
제주,20200904,239.0,7938.0,215.0,6499.0,23.0,1439.0
제주,20200905,216.0,6940.0,199.0,6068.0,17.0,872.0
제주,20200906,153.0,4432.0,142.0,3992.0,11.0,440.0
제주,20200907,192.0,6248.0,175.0,5233.0,18.0,1015.0
제주,20200908,223.0,7191.0,200.0,5753.0,22.0,1438.0
제주,20200909,225.0,7141.0,202.0,5759.0,23.0,1382.0
제주,20200910,227.0,7293.0,205.0,5953.0,23.0,1339.0
제주,20200911,226.0,7479.0,204.0,6139.0,22.0,1340.0
제주,20200912,234.0,7313.0,216.0,6471.0,18.0,842.0
제주,20200913,186.0,5421.0,173.0,4839.0,13.0,583.0
제주,20200914,224.0,7427.0,202.0,6068.0,22.0,1359.0
제주,20200915,224.0,7735.0,201.0,6296.0,22.0,1439.0
제주,20200916,218.0,8165.0,198.0,6785.0,21.0,1380.0
제주,20200917,195.0,7341.0,176.0,6036.0,19.0,1304.0
제주,20200918,230.0,8383.0,209.0,6906.0,21.0,1477.0
제주,20200919,236.0,7562.0,218.0,6690.0,18.0,872.0
제주,20200920,201.0,6038.0,186.0,5350.0,14.0,689.0
제주,20200921,230.0,8227.0,207.0,6660.0,23.0,1567.0
제주,20200922,222.0,7903.0,199.0,6217.0,23.0,1686.0
제주,20200923,215.0,7962.0,192.0,6092.0,23.0,1869.0
제주,20200924,222.0,8281.0,199.0,6335.0,23.0,1947.0
제주,20200925,240.0,9020.0,216.0,6880.0,24.0,2140.0
제주,20200926,238.0,7807.0,220.0,6840.0,18.0,967.0
제주,20200927,208.0,6819.0,193.0,6043.0,15.0,776.0
제주,20200928,249.0,10718.0,224.0,8107.0,25.0,2611.0
제주,20200929,278.0,12979.0,253.0,10162.0,25.0,2816.0
제주,20200930,235.0,7692.0,220.0,6902.0,15.0,791.0
제주,20201001,129.0,2850.0,121.0,2605.0,8.0,244.0
제주,20201002,187.0,5215.0,174.0,4684.0,12.0,531.0
제주,20201003,202.0,5820.0,188.0,5182.0,14.0,638.0
제주,20201004,178.0,4995.0,165.0,4470.0,12.0,525.0
제주,20201005,224.0,7747.0,202.0,6327.0,22.0,1420.0
제주,20201006,219.0,7463.0,197.0,5973.0,22.0,1490.0
제주,20201007,219.0,7374.0,197.0,5847.0,22.0,1527.0
제주,20201008,227.0,7934.0,204.0,6330.0,23.0,1604.0
제주,20201009,217.0,6891.0,200.0,6020.0,17.0,871.0
제주,20201010,233.0,7246.0,216.0,6406.0,17.0,840.0
제주,20201011,201.0,5862.0,187.0,5251.0,14.0,611.0
제주,20201012,229.0,7749.0,206.0,6198.0,22.0,1551.0
제주,20201013,225.0,7627.0,203.0,6122.0,23.0,1505.0
제주,20201014,225.0,7509.0,202.0,6005.0,23.0,1504.0
제주,20201015,226.0,7815.0,203.0,6333.0,23.0,1482.0
제주,20201016,225.0,8676.0,203.0,7078.0,22.0,1598.0
제주,20201017,235.0,7663.0,216.0,6699.0,19.0,964.0
제주,20201018,202.0,6035.0,188.0,5418.0,14.0,618.0
제주,20201019,228.0,8181.0,206.0,6739.0,22.0,1442.0
제주,20201020,228.0,8061.0,205.0,6517.0,23.0,1544.0
제주,20201021,208.0,7550.0,186.0,6053.0,22.0,1497.0
제주,20201022,225.0,7952.0,203.0,6369.0,23.0,1583.0
제주,20201023,233.0,8419.0,210.0,6756.0,24.0,1663.0
제주,20201024,230.0,7537.0,212.0,6565.0,18.0,972.0
제주,20201025,205.0,6256.0,191.0,5582.0,15.0,675.0
제주,20201026,228.0,7902.0,205.0,6244.0,23.0,1657.0
제주,20201027,225.0,7901.0,202.0,6159.0,23.0,1742.0
제주,20201028,225.0,7937.0,202.0,6138.0,24.0,1799.0
제주,20201029,225.0,8016.0,201.0,6171.0,24.0,1844.0
제주,20201030,235.0,9006.0,211.0,6755.0,25.0,2251.0
제주,20201031,236.0,8037.0,217.0,6888.0,19.0,1148.0
제주,20201101,208.0,6669.0,193.0,5924.0,15.0,745.0
제주,20201102,221.0,7996.0,199.0,6362.0,21.0,1634.0
제주,20201103,220.0,8121.0,197.0,6338.0,23.0,1783.0
제주,20201104,223.0,7790.0,200.0,6128.0,23.0,1662.0
제주,20201105,227.0,8085.0,203.0,6342.0,23.0,1743.0
제주,20201106,236.0,8513.0,212.0,6646.0,24.0,1867.0
제주,20201107,234.0,7827.0,215.0,6810.0,19.0,1017.0
제주,20201108,204.0,6559.0,189.0,5838.0,15.0,721.0
제주,20201109,227.0,7961.0,204.0,6322.0,23.0,1638.0
제주,20201110,229.0,7942.0,206.0,6259.0,23.0,1683.0
제주,20201111,235.0,8144.0,212.0,6478.0,24.0,1667.0
제주,20201112,225.0,7854.0,201.0,6148.0,23.0,1706.0
제주,20201113,235.0,8426.0,211.0,6680.0,24.0,1746.0
제주,20201114,235.0,7922.0,216.0,6889.0,19.0,1033.0
제주,20201115,204.0,6518.0,190.0,5811.0,15.0,707.0
제주,20201116,227.0,8146.0,204.0,6678.0,22.0,1468.0
제주,20201117,228.0,8891.0,205.0,7171.0,23.0,1720.0
제주,20201118,225.0,8541.0,202.0,6827.0,23.0,1714.0
제주,20201119,211.0,7768.0,190.0,6212.0,21.0,1556.0
제주,20201120,229.0,8745.0,207.0,6894.0,23.0,1850.0
제주,20201121,227.0,7611.0,209.0,6617.0,18.0,994.0
제주,20201122,185.0,5963.0,172.0,5306.0,13.0,657.0
제주,20201123,219.0,7909.0,196.0,6284.0,22.0,1625.0
제주,20201124,215.0,7770.0,193.0,6163.0,22.0,1606.0
제주,20201125,221.0,7981.0,198.0,6216.0,23.0,1765.0
제주,20201126,217.0,7833.0,195.0,6133.0,22.0,1700.0
제주,20201127,220.0,8383.0,197.0,6394.0,23.0,1989.0
제주,20201128,210.0,7015.0,192.0,6075.0,17.0,939.0
제주,20201129,183.0,5790.0,170.0,5141.0,13.0,649.0
제주,20201130,216.0,8861.0,192.0,6403.0,23.0,2458.0
제주,20201201,211.0,7735.0,189.0,6005.0,22.0,1730.0
제주,20201202,213.0,7464.0,191.0,5862.0,22.0,1603.0
제주,20201203,210.0,7528.0,188.0,5840.0,22.0,1688.0
제주,20201204,218.0,8092.0,196.0,6375.0,23.0,1717.0
제주,20201205,215.0,7196.0,198.0,6309.0,17.0,887.0
제주,20201206,186.0,5762.0,173.0,5130.0,13.0,633.0
제주,20201207,211.0,7674.0,189.0,5952.0,22.0,1723.0
제주,20201208,207.0,7624.0,185.0,5798.0,22.0,1827.0
제주,20201209,207.0,7414.0,185.0,5703.0,22.0,1711.0
제주,20201210,207.0,7500.0,185.0,5687.0,22.0,1814.0
제주,20201211,212.0,7857.0,190.0,5960.0,22.0,1897.0
제주,20201212,210.0,6900.0,193.0,6059.0,17.0,841.0
제주,20201213,175.0,5336.0,162.0,4746.0,13.0,590.0
제주,20201214,201.0,7534.0,180.0,5938.0,21.0,1596.0
제주,20201215,197.0,7581.0,176.0,5749.0,21.0,1832.0
제주,20201216,190.0,7765.0,170.0,6195.0,20.0,1570.0
제주,20201217,194.0,7745.0,173.0,6096.0,21.0,1649.0
제주,20201218,199.0,7719.0,178.0,5999.0,21.0,1719.0
제주,20201219,184.0,6049.0,169.0,5268.0,16.0,781.0
제주,20201220,153.0,4534.0,142.0,4027.0,11.0,507.0
제주,20201221,189.0,7036.0,169.0,5439.0,20.0,1597.0
제주,20201222,187.0,7010.0,166.0,5271.0,20.0,1739.0
제주,20201223,189.0,7264.0,168.0,5351.0,21.0,1913.0
제주,20201224,210.0,8003.0,189.0,6114.0,21.0,1889.0
제주,20201225,168.0,5067.0,155.0,4487.0,13.0,580.0
제주,20201226,174.0,5150.0,159.0,4483.0,14.0,666.0
제주,20201227,132.0,3767.0,122.0,3389.0,9.0,378.0
제주,20201228,196.0,7557.0,176.0,5611.0,20.0,1946.0
제주,20201229,183.0,7401.0,163.0,5511.0,20.0,1891.0
제주,20201230,163.0,6542.0,146.0,4864.0,17.0,1678.0
제주,20201231,186.0,7272.0,169.0,5634.0,17.0,1637.0
제주,20210101,141.0,3935.0,131.0,3555.0,9.0,380.0
제주,20210102,176.0,5481.0,162.0,4879.0,14.0,602.0
제주,20210103,150.0,4274.0,139.0,3814.0,11.0,460.0
제주,20210104,191.0,6560.0,172.0,5363.0,19.0,1197.0
제주,20210105,188.0,6556.0,169.0,5297.0,19.0,1259.0
제주,20210106,191.0,6874.0,172.0,5754.0,19.0,1120.0
제주,20210107,135.0,4156.0,123.0,3575.0,12.0,581.0
제주,20210108,133.0,3641.0,122.0,3163.0,11.0,477.0
제주,20210109,140.0,3932.0,130.0,3535.0,10.0,397.0
제주,20210110,139.0,4007.0,129.0,3604.0,10.0,403.0
제주,20210111,187.0,6723.0,169.0,5655.0,18.0,1067.0
제주,20210112,188.0,6666.0,170.0,5550.0,18.0,1116.0
제주,20210113,197.0,6721.0,177.0,5579.0,20.0,1142.0
제주,20210114,195.0,6540.0,176.0,5462.0,19.0,1078.0
제주,20210115,205.0,6964.0,185.0,5833.0,20.0,1132.0
제주,20210116,192.0,6237.0,176.0,5506.0,15.0,731.0
제주,20210117,153.0,4559.0,142.0,4104.0,11.0,455.0
제주,20210118,193.0,7193.0,174.0,6040.0,19.0,1153.0
제주,20210119,199.0,7696.0,179.0,6565.0,20.0,1131.0
제주,20210120,200.0,7522.0,181.0,6402.0,20.0,1120.0
제주,20210121,195.0,6987.0,176.0,5842.0,20.0,1145.0
제주,20210122,192.0,6844.0,174.0,5735.0,19.0,1108.0
제주,20210123,170.0,5213.0,156.0,4603.0,13.0,610.0
제주,20210124,174.0,5164.0,162.0,4632.0,13.0,532.0
제주,20210125,204.0,7115.0,183.0,5843.0,20.0,1272.0
제주,20210126,189.0,6523.0,170.0,5295.0,19.0,1227.0
제주,20210127,203.0,7173.0,182.0,5710.0,21.0,1463.0
제주,20210128,192.0,7012.0,172.0,5486.0,20.0,1526.0
제주,20210129,199.0,7431.0,179.0,5883.0,20.0,1547.0
제주,20210130,204.0,6696.0,187.0,5809.0,17.0,887.0
제주,20210131,175.0,5292.0,161.0,4663.0,13.0,629.0
제주,20210201,191.0,7015.0,172.0,5711.0,19.0,1304.0
제주,20210202,202.0,7584.0,181.0,6057.0,20.0,1527.0
제주,20210203,205.0,7447.0,183.0,6003.0,21.0,1444.0
제주,20210204,204.0,7336.0,183.0,5859.0,21.0,1477.0
제주,20210205,210.0,7937.0,188.0,6357.0,21.0,1580.0
제주,20210206,211.0,7076.0,195.0,6160.0,17.0,916.0
제주,20210207,180.0,5536.0,167.0,4884.0,13.0,652.0
제주,20210208,215.0,8860.0,193.0,6932.0,22.0,1928.0
제주,20210209,223.0,9575.0,201.0,7662.0,22.0,1913.0
제주,20210210,253.0,11363.0,231.0,9450.0,22.0,1913.0
제주,20210211,207.0,6838.0,193.0,6166.0,14.0,673.0
제주,20210212,112.0,2471.0,105.0,2254.0,7.0,217.0
제주,20210213,169.0,4661.0,158.0,4219.0,11.0,443.0
제주,20210214,162.0,4537.0,151.0,4048.0,11.0,489.0
제주,20210215,202.0,7174.0,182.0,5925.0,19.0,1249.0
제주,20210216,204.0,7180.0,183.0,5862.0,21.0,1318.0
제주,20210217,182.0,6943.0,163.0,5667.0,19.0,1275.0
제주,20210218,183.0,7526.0,166.0,6388.0,17.0,1138.0
제주,20210219,224.0,8692.0,202.0,7172.0,22.0,1520.0
제주,20210220,218.0,7113.0,200.0,6229.0,17.0,884.0
제주,20210221,193.0,5811.0,179.0,5192.0,14.0,619.0
제주,20210222,224.0,8447.0,202.0,6873.0,22.0,1574.0
제주,20210223,220.0,8197.0,198.0,6625.0,22.0,1572.0
제주,20210224,221.0,7911.0,199.0,6412.0,23.0,1499.0
제주,20210225,212.0,8006.0,190.0,6421.0,22.0,1585.0
제주,20210226,212.0,8396.0,191.0,6544.0,21.0,1852.0
제주,20210227,205.0,6804.0,189.0,5952.0,16.0,852.0
제주,20210228,191.0,6089.0,177.0,5418.0,14.0,672.0
제주,20210301,176.0,5576.0,162.0,4912.0,14.0,664.0
제주,20210302,221.0,8260.0,200.0,6875.0,21.0,1385.0
제주,20210303,214.0,7660.0,192.0,6287.0,21.0,1373.0
제주,20210304,183.0,6412.0,164.0,5277.0,19.0,1135.0
제주,20210305,220.0,7874.0,199.0,6483.0,22.0,1390.0
제주,20210306,212.0,6911.0,195.0,6062.0,17.0,849.0
제주,20210307,181.0,5534.0,167.0,4906.0,13.0,628.0
제주,20210308,214.0,7439.0,192.0,6086.0,21.0,1354.0
제주,20210309,209.0,7204.0,188.0,5930.0,22.0,1274.0
제주,20210310,214.0,7265.0,192.0,6006.0,22.0,1258.0
제주,20210311,206.0,7102.0,186.0,5823.0,21.0,1279.0
제주,20210312,208.0,7207.0,188.0,5964.0,20.0,1243.0
제주,20210313,224.0,7159.0,206.0,6318.0,17.0,841.0
제주,20210314,196.0,5811.0,182.0,5195.0,14.0,616.0
제주,20210315,216.0,7541.0,194.0,6230.0,22.0,1311.0
제주,20210316,211.0,7563.0,190.0,6240.0,21.0,1323.0
제주,20210317,216.0,8395.0,194.0,7081.0,22.0,1314.0
제주,20210318,215.0,8024.0,193.0,6712.0,22.0,1312.0
제주,20210319,222.0,8109.0,200.0,6825.0,22.0,1284.0
제주,20210320,210.0,7026.0,195.0,6231.0,16.0,795.0
제주,20210321,189.0,5862.0,175.0,5279.0,14.0,583.0
제주,20210322,219.0,7879.0,197.0,6534.0,22.0,1345.0
제주,20210323,221.0,7837.0,198.0,6440.0,22.0,1397.0
제주,20210324,222.0,7675.0,199.0,6272.0,23.0,1403.0
제주,20210325,229.0,8091.0,206.0,6574.0,23.0,1517.0
제주,20210326,237.0,8480.0,214.0,6881.0,24.0,1599.0
제주,20210327,207.0,6822.0,191.0,5987.0,17.0,835.0
제주,20210328,201.0,6290.0,186.0,5622.0,14.0,668.0
제주,20210329,222.0,8111.0,199.0,6527.0,23.0,1584.0
제주,20210330,222.0,8008.0,199.0,6376.0,23.0,1632.0
제주,20210331,223.0,8459.0,200.0,6514.0,24.0,1945.0
제주,20210401,206.0,7632.0,185.0,6029.0,21.0,1602.0
제주,20210402,228.0,8194.0,206.0,6748.0,22.0,1446.0
제주,20210403,222.0,7449.0,205.0,6586.0,17.0,863.0
제주,20210404,184.0,5787.0,171.0,5195.0,13.0,592.0
제주,20210405,210.0,7362.0,189.0,6010.0,21.0,1353.0
제주,20210406,227.0,7783.0,203.0,6305.0,23.0,1479.0
제주,20210407,227.0,7756.0,204.0,6276.0,23.0,1480.0
제주,20210408,228.0,7625.0,205.0,6246.0,23.0,1379.0
제주,20210409,236.0,8161.0,213.0,6711.0,23.0,1449.0
제주,20210410,239.0,7868.0,221.0,6964.0,19.0,904.0
제주,20210411,210.0,6296.0,195.0,5647.0,15.0,649.0
제주,20210412,202.0,7002.0,183.0,5827.0,19.0,1175.0
제주,20210413,226.0,7790.0,203.0,6425.0,22.0,1366.0
제주,20210414,226.0,7869.0,204.0,6471.0,23.0,1398.0
제주,20210415,230.0,8247.0,207.0,6820.0,23.0,1427.0
제주,20210416,243.0,9364.0,220.0,7934.0,23.0,1430.0
제주,20210417,234.0,7896.0,215.0,6928.0,19.0,968.0
제주,20210418,205.0,6383.0,190.0,5691.0,15.0,692.0
제주,20210419,235.0,8670.0,212.0,7209.0,23.0,1461.0
제주,20210420,234.0,8366.0,210.0,6909.0,23.0,1457.0
제주,20210421,233.0,8238.0,210.0,6746.0,24.0,1492.0
제주,20210422,231.0,8007.0,208.0,6600.0,23.0,1407.0
제주,20210423,244.0,8461.0,220.0,6948.0,24.0,1513.0
제주,20210424,239.0,7562.0,220.0,6653.0,19.0,909.0
제주,20210425,215.0,6566.0,200.0,5892.0,15.0,674.0
제주,20210426,235.0,8213.0,211.0,6688.0,24.0,1526.0
제주,20210427,227.0,7967.0,203.0,6458.0,23.0,1509.0
제주,20210428,233.0,7994.0,209.0,6457.0,24.0,1537.0
제주,20210429,232.0,8138.0,208.0,6505.0,24.0,1633.0
제주,20210430,241.0,9452.0,216.0,7226.0,25.0,2226.0
제주,20210501,223.0,7509.0,206.0,6623.0,17.0,887.0
제주,20210502,207.0,6570.0,192.0,5871.0,15.0,699.0
제주,20210503,236.0,8358.0,213.0,6831.0,23.0,1527.0
제주,20210504,209.0,7520.0,188.0,6138.0,21.0,1382.0
제주,20210505,233.0,7452.0,215.0,6601.0,18.0,851.0
제주,20210506,241.0,8271.0,217.0,6740.0,24.0,1531.0
제주,20210507,251.0,8944.0,228.0,7353.0,24.0,1591.0
제주,20210508,244.0,8211.0,225.0,7290.0,19.0,921.0
제주,20210509,202.0,6019.0,188.0,5383.0,15.0,637.0
제주,20210510,231.0,7805.0,207.0,6273.0,23.0,1532.0
제주,20210511,209.0,7233.0,187.0,5838.0,22.0,1394.0
제주,20210512,219.0,7558.0,196.0,6151.0,23.0,1407.0
제주,20210513,226.0,7654.0,202.0,6152.0,24.0,1502.0
제주,20210514,229.0,7741.0,205.0,6275.0,23.0,1466.0
제주,20210515,229.0,7252.0,211.0,6401.0,18.0,851.0
제주,20210516,177.0,5435.0,164.0,4853.0,13.0,582.0
제주,20210517,222.0,8465.0,200.0,7028.0,22.0,1436.0
제주,20210518,232.0,8665.0,209.0,7176.0,23.0,1489.0
제주,20210519,211.0,6430.0,194.0,5593.0,18.0,838.0
제주,20210520,213.0,7825.0,192.0,6495.0,21.0,1329.0
제주,20210521,235.0,8409.0,211.0,6906.0,24.0,1503.0
제주,20210522,229.0,7126.0,210.0,6192.0,19.0,934.0
제주,20210523,204.0,5995.0,188.0,5337.0,16.0,657.0
제주,20210524,228.0,7934.0,204.0,6416.0,24.0,1518.0
제주,20210525,226.0,7705.0,203.0,6210.0,24.0,1495.0
제주,20210526,211.0,7360.0,188.0,5811.0,23.0,1549.0
제주,20210527,225.0,7716.0,202.0,6185.0,23.0,1530.0
제주,20210528,231.0,8116.0,207.0,6443.0,24.0,1673.0
제주,20210529,234.0,7324.0,214.0,6375.0,20.0,949.0
제주,20210530,202.0,5743.0,186.0,5084.0,16.0,659.0
제주,20210531,236.0,8625.0,211.0,6468.0,25.0,2157.0
제주,20210601,228.0,7819.0,204.0,6235.0,24.0,1585.0
제주,20210602,223.0,7262.0,200.0,5861.0,23.0,1402.0
제주,20210603,221.0,7329.0,199.0,5933.0,23.0,1396.0
제주,20210604,235.0,7981.0,212.0,6437.0,24.0,1545.0
제주,20210605,239.0,7432.0,219.0,6488.0,20.0,944.0
제주,20210606,206.0,5952.0,190.0,5284.0,16.0,668.0
제주,20210607,232.0,7722.0,208.0,6206.0,24.0,1516.0
제주,20210608,228.0,7322.0,204.0,5913.0,24.0,1409.0
제주,20210609,227.0,7248.0,203.0,5810.0,24.0,1438.0
제주,20210610,215.0,7010.0,192.0,5619.0,22.0,1392.0
제주,20210611,205.0,6739.0,185.0,5507.0,20.0,1232.0
제주,20210612,235.0,7195.0,216.0,6354.0,19.0,840.0
제주,20210613,203.0,5937.0,188.0,5260.0,15.0,677.0
제주,20210614,231.0,7523.0,207.0,6106.0,24.0,1416.0
제주,20210615,202.0,6895.0,182.0,5630.0,20.0,1265.0
제주,20210616,220.0,8157.0,198.0,6769.0,22.0,1388.0
제주,20210617,223.0,7785.0,200.0,6424.0,23.0,1362.0
제주,20210618,234.0,8062.0,210.0,6659.0,24.0,1403.0
제주,20210619,241.0,7327.0,221.0,6435.0,20.0,892.0
제주,20210620,211.0,6077.0,195.0,5398.0,16.0,679.0
제주,20210621,241.0,8113.0,217.0,6667.0,24.0,1446.0
제주,20210622,237.0,7741.0,213.0,6321.0,24.0,1420.0
제주,20210623,240.0,7913.0,215.0,6359.0,25.0,1554.0
제주,20210624,234.0,7642.0,209.0,6136.0,25.0,1506.0
제주,20210625,247.0,8435.0,221.0,6680.0,25.0,1755.0
제주,20210626,239.0,7276.0,220.0,6326.0,19.0,951.0
제주,20210627,210.0,6005.0,194.0,5326.0,16.0,680.0
제주,20210628,240.0,8205.0,215.0,6448.0,25.0,1757.0
제주,20210629,238.0,8234.0,213.0,6502.0,25.0,1732.0
제주,20210630,239.0,8866.0,213.0,6638.0,26.0,2227.0
제주,20210701,236.0,8124.0,212.0,6558.0,25.0,1566.0
제주,20210702,238.0,8343.0,214.0,6718.0,24.0,1625.0
제주,20210703,214.0,6867.0,197.0,6043.0,17.0,824.0
제주,20210704,174.0,5348.0,161.0,4758.0,13.0,590.0
제주,20210705,228.0,7592.0,205.0,6194.0,23.0,1398.0
제주,20210706,229.0,7611.0,205.0,6080.0,23.0,1531.0
제주,20210707,219.0,7297.0,196.0,5894.0,23.0,1403.0
제주,20210708,221.0,7346.0,198.0,5852.0,23.0,1493.0
제주,20210709,231.0,7745.0,207.0,6223.0,24.0,1522.0
제주,20210710,235.0,7350.0,215.0,6422.0,19.0,928.0
제주,20210711,203.0,5924.0,187.0,5257.0,15.0,666.0
제주,20210712,235.0,7523.0,210.0,6128.0,24.0,1394.0
제주,20210713,233.0,7356.0,209.0,5954.0,24.0,1401.0
제주,20210714,236.0,7559.0,211.0,6105.0,25.0,1454.0
제주,20210715,235.0,7855.0,211.0,6390.0,25.0,1465.0
제주,20210716,242.0,8701.0,217.0,7223.0,24.0,1477.0
제주,20210717,228.0,7147.0,209.0,6213.0,20.0,934.0
제주,20210718,187.0,5594.0,173.0,4964.0,14.0,631.0
제주,20210719,238.0,8338.0,213.0,6940.0,25.0,1397.0
제주,20210720,235.0,7942.0,211.0,6555.0,24.0,1388.0
제주,20210721,235.0,7910.0,210.0,6403.0,25.0,1508.0
제주,20210722,228.0,7270.0,204.0,5861.0,24.0,1409.0
제주,20210723,236.0,7735.0,213.0,6305.0,24.0,1430.0
제주,20210724,225.0,6614.0,207.0,5782.0,19.0,832.0
제주,20210725,189.0,5322.0,175.0,4740.0,14.0,582.0
제주,20210726,226.0,7401.0,204.0,6034.0,22.0,1367.0
제주,20210727,230.0,7383.0,206.0,5944.0,23.0,1439.0
제주,20210728,231.0,7394.0,207.0,5947.0,24.0,1446.0
제주,20210729,232.0,7502.0,208.0,5931.0,24.0,1571.0
제주,20210730,234.0,8126.0,209.0,6253.0,24.0,1873.0
제주,20210731,212.0,6599.0,194.0,5678.0,18.0,921.0
제주,20210801,202.0,5861.0,187.0,5189.0,16.0,672.0
제주,20210802,226.0,7576.0,203.0,6175.0,23.0,1400.0
제주,20210803,235.0,7815.0,211.0,6314.0,24.0,1500.0
제주,20210804,230.0,7537.0,207.0,6120.0,24.0,1417.0
제주,20210805,232.0,7414.0,208.0,6010.0,24.0,1404.0
제주,20210806,239.0,7763.0,215.0,6275.0,24.0,1488.0
제주,20210807,229.0,6963.0,210.0,6071.0,20.0,891.0
제주,20210808,191.0,5437.0,176.0,4826.0,15.0,611.0
제주,20210809,232.0,7392.0,207.0,6030.0,24.0,1362.0
제주,20210810,231.0,7458.0,207.0,5989.0,24.0,1470.0
제주,20210811,214.0,6756.0,192.0,5503.0,22.0,1253.0
제주,20210812,207.0,6603.0,186.0,5373.0,21.0,1229.0
제주,20210813,214.0,6949.0,192.0,5620.0,21.0,1329.0
제주,20210814,193.0,5914.0,178.0,5218.0,15.0,695.0
제주,20210815,189.0,5488.0,175.0,4874.0,14.0,614.0
제주,20210816,194.0,5994.0,177.0,5168.0,17.0,826.0
제주,20210817,225.0,7680.0,202.0,6271.0,23.0,1409.0
제주,20210818,217.0,7711.0,194.0,6451.0,22.0,1260.0
제주,20210819,211.0,7172.0,189.0,5880.0,22.0,1291.0
제주,20210820,221.0,7213.0,198.0,5953.0,23.0,1260.0
제주,20210821,181.0,5418.0,166.0,4791.0,15.0,627.0
제주,20210822,160.0,4452.0,148.0,3951.0,12.0,501.0
제주,20210823,197.0,6486.0,177.0,5326.0,20.0,1161.0
제주,20210824,195.0,6380.0,175.0,5232.0,20.0,1148.0
제주,20210825,202.0,6695.0,181.0,5444.0,21.0,1251.0
제주,20210826,214.0,7018.0,192.0,5603.0,23.0,1415.0
제주,20210827,223.0,7363.0,200.0,5978.0,23.0,1385.0
제주,20210828,219.0,6515.0,201.0,5685.0,19.0,830.0
제주,20210829,191.0,5306.0,176.0,4725.0,15.0,581.0
제주,20210830,223.0,7616.0,200.0,6048.0,24.0,1568.0
제주,20210831,223.0,7956.0,199.0,5968.0,24.0,1988.0
제주,20210901,212.0,7170.0,189.0,5704.0,23.0,1466.0
제주,20210902,203.0,6813.0,181.0,5512.0,22.0,1302.0
제주,20210903,220.0,7404.0,198.0,6008.0,22.0,1396.0
제주,20210904,223.0,6747.0,204.0,5922.0,19.0,825.0
제주,20210905,173.0,4910.0,160.0,4395.0,13.0,515.0
제주,20210906,213.0,6986.0,191.0,5635.0,22.0,1351.0
제주,20210907,214.0,7045.0,192.0,5552.0,22.0,1492.0
제주,20210908,224.0,7454.0,201.0,5963.0,23.0,1491.0
제주,20210909,226.0,7512.0,204.0,5982.0,22.0,1530.0
제주,20210910,229.0,7864.0,210.0,6428.0,20.0,1436.0
제주,20210911,247.0,7890.0,229.0,6972.0,17.0,918.0
제주,20210912,211.0,6216.0,198.0,5592.0,13.0,624.0
제주,20210913,203.0,7449.0,185.0,5808.0,18.0,1641.0
제주,20210914,189.0,6895.0,172.0,5487.0,17.0,1408.0
제주,20210915,223.0,8855.0,204.0,7096.0,19.0,1759.0
제주,20210916,179.0,7683.0,163.0,6232.0,16.0,1452.0
제주,20210917,226.0,9291.0,208.0,7674.0,18.0,1617.0
제주,20210918,261.0,9873.0,244.0,8866.0,17.0,1007.0
제주,20210919,253.0,9767.0,238.0,8906.0,14.0,861.0
제주,20210920,242.0,7556.0,228.0,6884.0,14.0,671.0
제주,20210921,138.0,3230.0,131.0,2958.0,7.0,272.0
제주,20210922,189.0,5160.0,177.0,4632.0,12.0,528.0
제주,20210923,237.0,8002.0,216.0,6670.0,21.0,1332.0
제주,20210924,239.0,8026.0,217.0,6516.0,22.0,1510.0
제주,20210925,229.0,7091.0,211.0,6198.0,17.0,894.0
제주,20210926,197.0,5597.0,183.0,4983.0,14.0,615.0
제주,20210927,232.0,7904.0,209.0,6302.0,23.0,1603.0
제주,20210928,225.0,7731.0,202.0,6089.0,22.0,1642.0
제주,20210929,224.0,7813.0,201.0,6113.0,23.0,1700.0
제주,20210930,218.0,8168.0,195.0,6137.0,23.0,2030.0
제주,20211001,234.0,8344.0,210.0,6658.0,23.0,1686.0
제주,20211002,233.0,7295.0,215.0,6403.0,18.0,892.0
제주,20211003,210.0,6152.0,195.0,5485.0,14.0,667.0
제주,20211004,221.0,6842.0,202.0,5922.0,18.0,919.0
제주,20211005,235.0,7999.0,212.0,6383.0,24.0,1617.0
제주,20211006,228.0,7749.0,205.0,6162.0,23.0,1587.0
제주,20211007,228.0,7728.0,205.0,6072.0,23.0,1656.0
제주,20211008,238.0,8077.0,215.0,6499.0,23.0,1577.0
제주,20211009,217.0,6907.0,201.0,6084.0,17.0,823.0
제주,20211010,208.0,6190.0,194.0,5551.0,14.0,639.0
제주,20211011,217.0,6922.0,200.0,6026.0,17.0,896.0
제주,20211012,217.0,7640.0,196.0,6110.0,21.0,1530.0
제주,20211013,220.0,7734.0,198.0,6167.0,22.0,1567.0
제주,20211014,228.0,7866.0,205.0,6233.0,24.0,1633.0
제주,20211015,239.0,8565.0,215.0,6933.0,24.0,1632.0
제주,20211016,210.0,7110.0,194.0,6285.0,16.0,825.0
제주,20211017,199.0,6401.0,184.0,5716.0,14.0,685.0
제주,20211018,233.0,9131.0,209.0,7498.0,23.0,1633.0
제주,20211019,227.0,8854.0,204.0,7252.0,23.0,1603.0
제주,20211020,229.0,8858.0,205.0,7114.0,24.0,1744.0
제주,20211021,230.0,8689.0,206.0,6935.0,24.0,1754.0
제주,20211022,235.0,8960.0,212.0,7214.0,24.0,1746.0
제주,20211023,237.0,8066.0,218.0,7053.0,19.0,1014.0
제주,20211024,206.0,6551.0,191.0,5830.0,15.0,721.0
제주,20211025,223.0,8333.0,201.0,6612.0,23.0,1721.0
제주,20211026,233.0,8854.0,208.0,6842.0,24.0,2012.0
제주,20211027,231.0,8662.0,207.0,6753.0,24.0,1909.0
제주,20211028,233.0,8929.0,209.0,6962.0,25.0,1968.0
제주,20211029,242.0,9876.0,217.0,7409.0,25.0,2467.0
제주,20211030,232.0,8100.0,213.0,6988.0,19.0,1112.0
제주,20211031,208.0,6879.0,192.0,6072.0,15.0,807.0
제주,20211101,229.0,8851.0,205.0,6980.0,24.0,1871.0
제주,20211102,226.0,8847.0,202.0,6897.0,24.0,1950.0
제주,20211103,229.0,8839.0,205.0,6929.0,24.0,1910.0
제주,20211104,230.0,8953.0,205.0,7074.0,24.0,1878.0
제주,20211105,236.0,9332.0,211.0,7278.0,25.0,2054.0
제주,20211106,230.0,8163.0,212.0,7101.0,19.0,1062.0
제주,20211107,201.0,6594.0,186.0,5838.0,15.0,756.0
제주,20211108,211.0,8242.0,190.0,6627.0,21.0,1614.0
제주,20211109,218.0,8546.0,195.0,6753.0,23.0,1793.0
제주,20211110,220.0,8595.0,198.0,6878.0,22.0,1718.0
제주,20211111,228.0,8836.0,205.0,6995.0,23.0,1841.0
제주,20211112,227.0,8941.0,203.0,7036.0,24.0,1905.0
제주,20211113,228.0,8252.0,210.0,7117.0,19.0,1134.0
제주,20211114,200.0,6699.0,185.0,5866.0,15.0,833.0
제주,20211115,228.0,8962.0,204.0,7207.0,24.0,1755.0
제주,20211116,227.0,9676.0,203.0,7714.0,24.0,1963.0
제주,20211117,229.0,9501.0,205.0,7536.0,24.0,1965.0
제주,20211118,227.0,9079.0,203.0,7178.0,24.0,1902.0
제주,20211119,234.0,9375.0,210.0,7446.0,24.0,1928.0
제주,20211120,228.0,8105.0,209.0,7012.0,19.0,1093.0
제주,20211121,195.0,6497.0,181.0,5754.0,14.0,743.0
제주,20211122,218.0,8757.0,195.0,6977.0,22.0,1780.0
제주,20211123,216.0,9016.0,193.0,6982.0,23.0,2035.0
제주,20211124,220.0,8911.0,196.0,6854.0,24.0,2056.0
제주,20211125,226.0,9163.0,202.0,7062.0,24.0,2101.0
제주,20211126,233.0,9700.0,208.0,7481.0,25.0,2219.0
제주,20211127,219.0,7859.0,201.0,6771.0,19.0,1087.0
제주,20211128,195.0,6623.0,181.0,5869.0,15.0,755.0
제주,20211129,224.0,9070.0,200.0,6902.0,24.0,2168.0
제주,20211130,205.0,9470.0,183.0,6883.0,22.0,2588.0
제주,20211201,210.0,8840.0,187.0,6726.0,23.0,2114.0
제주,20211202,216.0,9025.0,192.0,6864.0,24.0,2161.0
제주,20211203,226.0,9493.0,202.0,7286.0,25.0,2207.0
제주,20211204,220.0,8153.0,201.0,6991.0,19.0,1162.0
제주,20211205,192.0,6379.0,177.0,5600.0,15.0,779.0
제주,20211206,218.0,8363.0,195.0,6428.0,23.0,1935.0
제주,20211207,217.0,8599.0,193.0,6481.0,24.0,2118.0
제주,20211208,218.0,8536.0,194.0,6487.0,24.0,2049.0
제주,20211209,215.0,8313.0,191.0,6321.0,24.0,1992.0
제주,20211210,224.0,8674.0,200.0,6578.0,24.0,2097.0
제주,20211211,217.0,7569.0,198.0,6527.0,18.0,1042.0
제주,20211212,183.0,6083.0,170.0,5380.0,14.0,703.0
제주,20211213,213.0,8332.0,190.0,6358.0,23.0,1974.0
제주,20211214,211.0,8196.0,188.0,6136.0,23.0,2061.0
제주,20211215,218.0,8817.0,194.0,6690.0,23.0,2127.0
제주,20211216,211.0,8967.0,189.0,7100.0,22.0,1867.0
제주,20211217,212.0,9360.0,189.0,7247.0,23.0,2113.0
제주,20211218,204.0,7141.0,187.0,6197.0,17.0,944.0
제주,20211219,179.0,5806.0,165.0,5175.0,13.0,631.0
제주,20211220,216.0,8548.0,193.0,6585.0,23.0,1963.0
제주,20211221,215.0,8370.0,192.0,6327.0,23.0,2042.0
제주,20211222,213.0,8293.0,190.0,6233.0,24.0,2060.0
제주,20211223,216.0,8556.0,192.0,6355.0,24.0,2201.0
제주,20211224,235.0,9722.0,211.0,7398.0,24.0,2324.0
제주,20211225,190.0,6410.0,176.0,5711.0,14.0,699.0
제주,20211226,144.0,4261.0,134.0,3811.0,10.0,450.0
제주,20211227,203.0,8003.0,183.0,6187.0,20.0,1816.0
제주,20211228,215.0,8758.0,192.0,6594.0,23.0,2164.0
제주,20211229,213.0,8620.0,191.0,6489.0,23.0,2131.0
제주,20211230,219.0,9171.0,196.0,6854.0,23.0,2317.0
제주,20211231,246.0,10834.0,222.0,8296.0,24.0,2537.0
제주,20220101,181.0,5702.0,168.0,5083.0,13.0,619.0
제주,20220102,178.0,5679.0,164.0,5082.0,13.0,597.0
제주,20220103,214.0,7435.0,193.0,6149.0,21.0,1286.0
제주,20220104,211.0,7540.0,190.0,6269.0,20.0,1270.0
제주,20220105,195.0,7046.0,177.0,5864.0,19.0,1181.0
제주,20220106,218.0,7664.0,197.0,6387.0,21.0,1277.0
제주,20220107,221.0,7954.0,200.0,6640.0,22.0,1315.0
제주,20220108,209.0,7256.0,192.0,6345.0,17.0,911.0
제주,20220109,182.0,5858.0,168.0,5204.0,14.0,654.0
제주,20220110,219.0,8027.0,198.0,6703.0,21.0,1324.0
제주,20220111,202.0,7481.0,183.0,6278.0,19.0,1203.0
제주,20220112,212.0,7687.0,191.0,6451.0,21.0,1236.0
제주,20220113,208.0,7564.0,187.0,6297.0,21.0,1267.0
제주,20220114,221.0,8256.0,200.0,6736.0,22.0,1521.0
제주,20220115,215.0,7430.0,197.0,6508.0,18.0,922.0
제주,20220116,187.0,6079.0,172.0,5365.0,14.0,714.0
제주,20220117,219.0,8642.0,197.0,7179.0,22.0,1463.0
제주,20220118,222.0,9230.0,200.0,7692.0,22.0,1537.0
제주,20220119,223.0,9236.0,200.0,7621.0,23.0,1615.0
제주,20220120,221.0,9058.0,199.0,7400.0,23.0,1657.0
제주,20220121,226.0,9112.0,204.0,7422.0,23.0,1690.0
제주,20220122,212.0,7497.0,194.0,6430.0,18.0,1067.0
제주,20220123,182.0,6152.0,169.0,5390.0,14.0,762.0
제주,20220124,220.0,9244.0,198.0,7335.0,22.0,1909.0
제주,20220125,216.0,9035.0,194.0,7147.0,22.0,1888.0
제주,20220126,222.0,9318.0,199.0,7270.0,23.0,2048.0
제주,20220127,222.0,9674.0,199.0,7376.0,23.0,2298.0
제주,20220128,235.0,11130.0,211.0,8402.0,24.0,2728.0
제주,20220129,226.0,9431.0,209.0,8233.0,18.0,1197.0
제주,20220130,218.0,9241.0,203.0,8288.0,15.0,953.0
제주,20220131,204.0,7155.0,190.0,6399.0,14.0,756.0
제주,20220201,112.0,2877.0,105.0,2602.0,7.0,274.0
제주,20220202,149.0,4543.0,139.0,4037.0,10.0,506.0
제주,20220203,201.0,8070.0,181.0,6745.0,19.0,1325.0
제주,20220204,202.0,7869.0,182.0,6414.0,20.0,1455.0
제주,20220205,186.0,6619.0,171.0,5814.0,15.0,805.0
제주,20220206,166.0,5181.0,153.0,4596.0,12.0,585.0
제주,20220207,206.0,7939.0,186.0,6549.0,21.0,1390.0
제주,20220208,207.0,8158.0,186.0,6567.0,21.0,1591.0
제주,20220209,206.0,8001.0,185.0,6499.0,21.0,1501.0
제주,20220210,210.0,7981.0,189.0,6472.0,21.0,1510.0
제주,20220211,217.0,8468.0,195.0,6891.0,22.0,1578.0
제주,20220212,204.0,7002.0,187.0,6133.0,17.0,869.0
제주,20220213,173.0,5579.0,160.0,4980.0,13.0,599.0
제주,20220214,221.0,8491.0,199.0,6963.0,22.0,1529.0
제주,20220215,209.0,7785.0,188.0,6276.0,21.0,1509.0
제주,20220216,204.0,7975.0,183.0,6516.0,21.0,1460.0
제주,20220217,208.0,8498.0,186.0,7016.0,21.0,1481.0
제주,20220218,219.0,9468.0,197.0,7827.0,22.0,1641.0
제주,20220219,195.0,6975.0,180.0,6168.0,15.0,807.0
제주,20220220,165.0,5489.0,153.0,4919.0,12.0,571.0
제주,20220221,216.0,9329.0,194.0,7737.0,22.0,1592.0
제주,20220222,212.0,9065.0,190.0,7503.0,22.0,1562.0
제주,20220223,214.0,8815.0,192.0,7206.0,22.0,1609.0
제주,20220224,213.0,8611.0,190.0,6968.0,22.0,1643.0
제주,20220225,227.0,9540.0,204.0,7655.0,23.0,1885.0
제주,20220226,212.0,7406.0,194.0,6436.0,18.0,970.0
제주,20220227,187.0,6224.0,173.0,5527.0,14.0,698.0
제주,20220228,224.0,9847.0,201.0,7695.0,23.0,2153.0
제주,20220301,179.0,6165.0,164.0,5342.0,15.0,823.0
제주,20220302,212.0,8430.0,191.0,7047.0,21.0,1383.0
제주,20220303,208.0,8291.0,187.0,6882.0,21.0,1409.0
제주,20220304,215.0,8452.0,193.0,7025.0,21.0,1427.0
제주,20220305,203.0,6937.0,187.0,6099.0,17.0,838.0
제주,20220306,173.0,5553.0,160.0,4958.0,13.0,594.0
제주,20220307,209.0,7723.0,188.0,6390.0,21.0,1334.0
제주,20220308,211.0,7826.0,190.0,6457.0,21.0,1370.0
제주,20220309,192.0,6293.0,176.0,5526.0,16.0,767.0
제주,20220310,209.0,7477.0,188.0,6193.0,21.0,1284.0
제주,20220311,218.0,8223.0,196.0,6805.0,22.0,1417.0
제주,20220312,215.0,7225.0,198.0,6360.0,17.0,865.0
제주,20220313,163.0,5094.0,151.0,4598.0,12.0,495.0
제주,20220314,216.0,7648.0,195.0,6343.0,21.0,1304.0
제주,20220315,213.0,7717.0,191.0,6382.0,21.0,1336.0
제주,20220316,212.0,7533.0,190.0,6145.0,22.0,1388.0
제주,20220317,194.0,7171.0,174.0,5884.0,20.0,1287.0
제주,20220318,209.0,8282.0,190.0,6962.0,20.0,1319.0
제주,20220319,197.0,6892.0,181.0,6087.0,15.0,805.0
제주,20220320,176.0,5701.0,164.0,5127.0,13.0,574.0
제주,20220321,212.0,8385.0,191.0,6955.0,21.0,1430.0
제주,20220322,215.0,8218.0,194.0,6819.0,21.0,1399.0
제주,20220323,211.0,7921.0,190.0,6527.0,21.0,1394.0
제주,20220324,217.0,7957.0,195.0,6521.0,22.0,1436.0
제주,20220325,214.0,8246.0,192.0,6674.0,22.0,1572.0
제주,20220326,206.0,7094.0,191.0,6242.0,16.0,851.0
제주,20220327,194.0,6270.0,180.0,5610.0,14.0,660.0
제주,20220328,225.0,8340.0,202.0,6777.0,23.0,1563.0
제주,20220329,225.0,8433.0,202.0,6727.0,23.0,1706.0
제주,20220330,223.0,8387.0,200.0,6643.0,22.0,1744.0
제주,20220331,221.0,9066.0,198.0,7033.0,23.0,2033.0
제주,20220401,230.0,9015.0,207.0,7311.0,23.0,1704.0
제주,20220402,228.0,7940.0,210.0,6966.0,18.0,974.0
제주,20220403,201.0,6576.0,187.0,5858.0,15.0,717.0
제주,20220404,230.0,8631.0,207.0,7045.0,23.0,1585.0
제주,20220405,224.0,8322.0,202.0,6806.0,23.0,1516.0
제주,20220406,228.0,8334.0,205.0,6787.0,23.0,1547.0
제주,20220407,225.0,8402.0,202.0,6847.0,23.0,1555.0
제주,20220408,238.0,8906.0,215.0,7233.0,24.0,1673.0
제주,20220409,240.0,8282.0,220.0,7275.0,19.0,1007.0
제주,20220410,209.0,6842.0,194.0,6044.0,15.0,798.0
제주,20220411,239.0,8741.0,216.0,7224.0,23.0,1517.0
제주,20220412,232.0,8447.0,209.0,6840.0,23.0,1607.0
제주,20220413,225.0,8533.0,202.0,6838.0,23.0,1695.0
제주,20220414,217.0,8119.0,196.0,6665.0,21.0,1453.0
제주,20220415,238.0,9268.0,215.0,7676.0,23.0,1591.0
제주,20220416,238.0,8375.0,220.0,7341.0,19.0,1034.0
제주,20220417,210.0,6982.0,195.0,6240.0,15.0,743.0
제주,20220418,241.0,9728.0,218.0,8208.0,23.0,1520.0
제주,20220419,240.0,9173.0,216.0,7589.0,23.0,1584.0
제주,20220420,242.0,9153.0,218.0,7532.0,24.0,1621.0
제주,20220421,234.0,8917.0,211.0,7314.0,22.0,1604.0
제주,20220422,251.0,9653.0,226.0,7899.0,25.0,1754.0
제주,20220423,239.0,8225.0,221.0,7261.0,18.0,964.0
제주,20220424,220.0,7206.0,205.0,6460.0,15.0,746.0
제주,20220425,244.0,9148.0,220.0,7495.0,24.0,1653.0
제주,20220426,217.0,8286.0,196.0,6668.0,21.0,1618.0
제주,20220427,248.0,9413.0,223.0,7555.0,25.0,1858.0
제주,20220428,247.0,9380.0,222.0,7488.0,25.0,1892.0
제주,20220429,250.0,10497.0,225.0,8084.0,24.0,2414.0
제주,20220430,254.0,9289.0,234.0,8080.0,19.0,1209.0
제주,20220501,218.0,7234.0,203.0,6438.0,15.0,797.0
제주,20220502,252.0,9688.0,227.0,7810.0,25.0,1878.0
제주,20220503,249.0,9544.0,224.0,7713.0,25.0,1831.0
제주,20220504,262.0,10103.0,237.0,8196.0,25.0,1908.0
제주,20220505,253.0,8551.0,235.0,7586.0,18.0,965.0
제주,20220506,275.0,10163.0,251.0,8392.0,24.0,1771.0
제주,20220507,261.0,9401.0,242.0,8328.0,19.0,1073.0
제주,20220508,219.0,7625.0,204.0,6882.0,14.0,743.0
제주,20220509,244.0,9013.0,221.0,7412.0,23.0,1601.0
제주,20220510,241.0,8989.0,218.0,7212.0,23.0,1777.0
제주,20220511,242.0,9352.0,218.0,7310.0,24.0,2042.0
제주,20220512,248.0,9299.0,224.0,7402.0,24.0,1898.0
제주,20220513,239.0,9098.0,216.0,7296.0,23.0,1802.0
제주,20220514,261.0,9141.0,241.0,8017.0,20.0,1124.0
제주,20220515,224.0,7440.0,208.0,6682.0,15.0,758.0
제주,20220516,254.0,9309.0,231.0,7590.0,24.0,1718.0
제주,20220517,255.0,9558.0,230.0,7695.0,25.0,1863.0
제주,20220518,262.0,10159.0,236.0,8375.0,25.0,1784.0
제주,20220519,255.0,9647.0,231.0,7918.0,25.0,1730.0
제주,20220520,266.0,10306.0,241.0,8493.0,25.0,1813.0
제주,20220521,267.0,9126.0,247.0,8009.0,20.0,1117.0
제주,20220522,234.0,7553.0,219.0,6744.0,16.0,810.0
제주,20220523,261.0,9566.0,237.0,7831.0,24.0,1736.0
제주,20220524,259.0,9406.0,233.0,7657.0,25.0,1749.0
제주,20220525,266.0,9740.0,240.0,7814.0,26.0,1926.0
제주,20220526,257.0,9548.0,232.0,7606.0,25.0,1942.0
제주,20220527,270.0,10014.0,244.0,8075.0,26.0,1939.0
제주,20220528,262.0,8795.0,242.0,7710.0,20.0,1085.0
제주,20220529,219.0,7248.0,204.0,6469.0,15.0,779.0
제주,20220530,257.0,9546.0,233.0,7556.0,25.0,1991.0
제주,20220531,270.0,10813.0,244.0,8295.0,27.0,2518.0
제주,20220601,254.0,8379.0,235.0,7322.0,20.0,1057.0
제주,20220602,260.0,9397.0,235.0,7574.0,25.0,1823.0
제주,20220603,276.0,10408.0,250.0,8487.0,26.0,1921.0
제주,20220604,269.0,9457.0,249.0,8264.0,21.0,1193.0
제주,20220605,206.0,7095.0,192.0,6405.0,14.0,689.0
제주,20220606,242.0,8127.0,224.0,7101.0,19.0,1025.0
제주,20220607,259.0,9607.0,234.0,7740.0,25.0,1868.0
제주,20220608,264.0,9830.0,237.0,7796.0,26.0,2034.0
제주,20220609,261.0,9596.0,235.0,7580.0,26.0,2017.0
제주,20220610,265.0,9905.0,239.0,7932.0,26.0,1972.0
제주,20220611,265.0,9375.0,245.0,8189.0,20.0,1186.0
제주,20220612,230.0,7509.0,214.0,6726.0,16.0,783.0
제주,20220613,246.0,8928.0,224.0,7234.0,23.0,1694.0
제주,20220614,240.0,8920.0,217.0,7160.0,23.0,1760.0
제주,20220615,263.0,9551.0,237.0,7625.0,26.0,1927.0
제주,20220616,263.0,9714.0,237.0,7644.0,26.0,2069.0
제주,20220617,271.0,10543.0,245.0,8545.0,26.0,1998.0
제주,20220618,271.0,9342.0,250.0,8162.0,21.0,1180.0
제주,20220619,233.0,7632.0,217.0,6840.0,16.0,792.0
제주,20220620,264.0,10419.0,239.0,8546.0,25.0,1873.0
제주,20220621,261.0,9865.0,236.0,7981.0,25.0,1884.0
제주,20220622,261.0,9728.0,236.0,7859.0,26.0,1870.0
제주,20220623,254.0,9405.0,230.0,7501.0,25.0,1904.0
제주,20220624,243.0,9199.0,221.0,7489.0,22.0,1710.0
제주,20220625,262.0,8779.0,242.0,7629.0,20.0,1150.0
제주,20220626,226.0,7330.0,211.0,6507.0,16.0,822.0
제주,20220627,254.0,9305.0,229.0,7363.0,25.0,1942.0
제주,20220628,254.0,9356.0,229.0,7348.0,25.0,2009.0
제주,20220629,255.0,9621.0,229.0,7430.0,26.0,2191.0
제주,20220630,258.0,10270.0,231.0,7794.0,27.0,2476.0
제주,20220701,265.0,10061.0,239.0,8018.0,26.0,2043.0
제주,20220702,262.0,8834.0,242.0,7735.0,20.0,1099.0
제주,20220703,223.0,7163.0,208.0,6408.0,15.0,755.0
제주,20220704,251.0,8949.0,227.0,7246.0,24.0,1703.0
제주,20220705,252.0,8947.0,227.0,7196.0,25.0,1752.0
제주,20220706,255.0,8909.0,230.0,7113.0,25.0,1796.0
제주,20220707,252.0,8907.0,227.0,7084.0,25.0,1823.0
제주,20220708,261.0,9277.0,236.0,7416.0,25.0,1861.0
제주,20220709,260.0,8752.0,240.0,7690.0,20.0,1062.0
제주,20220710,226.0,7016.0,210.0,6247.0,16.0,769.0
제주,20220711,243.0,8535.0,220.0,6936.0,23.0,1599.0
제주,20220712,252.0,8758.0,227.0,7056.0,26.0,1702.0
제주,20220713,252.0,8814.0,227.0,7025.0,25.0,1789.0
제주,20220714,246.0,8488.0,222.0,6825.0,25.0,1663.0
제주,20220715,238.0,9058.0,216.0,7287.0,23.0,1772.0
제주,20220716,258.0,8589.0,238.0,7520.0,20.0,1069.0
제주,20220717,217.0,6736.0,202.0,6007.0,15.0,729.0
제주,20220718,242.0,9164.0,220.0,7599.0,23.0,1565.0
제주,20220719,253.0,9150.0,229.0,7458.0,25.0,1692.0
제주,20220720,257.0,9203.0,232.0,7525.0,25.0,1678.0
제주,20220721,254.0,9108.0,230.0,7408.0,24.0,1700.0
제주,20220722,265.0,9437.0,240.0,7646.0,25.0,1791.0
제주,20220723,254.0,8330.0,235.0,7307.0,19.0,1022.0
제주,20220724,223.0,6905.0,208.0,6214.0,15.0,691.0
제주,20220725,268.0,9307.0,243.0,7575.0,25.0,1732.0
제주,20220726,265.0,9330.0,240.0,7523.0,25.0,1807.0
제주,20220727,262.0,9282.0,237.0,7400.0,25.0,1882.0
제주,20220728,265.0,9284.0,240.0,7520.0,25.0,1763.0
제주,20220729,276.0,10181.0,250.0,8130.0,26.0,2051.0
제주,20220730,220.0,7686.0,204.0,6759.0,16.0,927.0
제주,20220731,198.0,6538.0,185.0,5833.0,13.0,705.0
제주,20220801,259.0,9305.0,236.0,7712.0,23.0,1592.0
제주,20220802,261.0,9295.0,238.0,7711.0,24.0,1584.0
제주,20220803,266.0,9337.0,241.0,7631.0,25.0,1706.0
제주,20220804,264.0,9162.0,239.0,7493.0,25.0,1669.0
제주,20220805,269.0,9392.0,244.0,7740.0,25.0,1652.0
제주,20220806,260.0,8470.0,240.0,7453.0,20.0,1017.0
제주,20220807,225.0,6978.0,209.0,6205.0,16.0,773.0
제주,20220808,262.0,9000.0,237.0,7345.0,25.0,1655.0
제주,20220809,255.0,8945.0,231.0,7192.0,25.0,1753.0
제주,20220810,257.0,8955.0,232.0,7281.0,25.0,1674.0
제주,20220811,251.0,8821.0,227.0,7047.0,24.0,1774.0
제주,20220812,250.0,8926.0,226.0,7217.0,24.0,1709.0
제주,20220813,249.0,8436.0,230.0,7382.0,20.0,1054.0
제주,20220814,223.0,7121.0,208.0,6383.0,15.0,738.0
제주,20220815,225.0,7274.0,207.0,6366.0,18.0,908.0
제주,20220816,244.0,8980.0,221.0,7195.0,23.0,1785.0
제주,20220817,211.0,8108.0,191.0,6645.0,20.0,1463.0
제주,20220818,245.0,9189.0,220.0,7430.0,24.0,1759.0
제주,20220819,249.0,9221.0,225.0,7518.0,24.0,1703.0
제주,20220820,240.0,8006.0,221.0,7037.0,19.0,969.0
제주,20220821,206.0,6528.0,192.0,5827.0,14.0,701.0
제주,20220822,244.0,8934.0,220.0,7244.0,24.0,1690.0
제주,20220823,240.0,8802.0,216.0,7054.0,24.0,1748.0
제주,20220824,240.0,8920.0,215.0,7103.0,24.0,1817.0
제주,20220825,242.0,8903.0,218.0,7068.0,24.0,1835.0
제주,20220826,251.0,9545.0,227.0,7669.0,24.0,1876.0
제주,20220827,243.0,8213.0,224.0,7163.0,19.0,1049.0
제주,20220828,211.0,6827.0,196.0,6092.0,15.0,735.0
제주,20220829,244.0,9383.0,220.0,7366.0,24.0,2017.0
제주,20220830,241.0,9428.0,216.0,7289.0,25.0,2139.0
제주,20220831,238.0,10103.0,213.0,7580.0,25.0,2524.0
제주,20220901,240.0,9651.0,215.0,7621.0,25.0,2030.0
제주,20220902,206.0,8620.0,185.0,6689.0,21.0,1931.0
제주,20220903,220.0,8165.0,203.0,7134.0,17.0,1031.0
제주,20220904,169.0,5686.0,157.0,5036.0,12.0,650.0
제주,20220905,123.0,4436.0,111.0,3318.0,12.0,1118.0
제주,20220906,215.0,8948.0,194.0,6857.0,20.0,2090.0
제주,20220907,254.0,11341.0,228.0,8722.0,26.0,2619.0
제주,20220908,288.0,13867.0,262.0,11272.0,26.0,2595.0
제주,20220909,253.0,9259.0,237.0,8317.0,16.0,942.0
제주,20220910,144.0,3881.0,135.0,3547.0,8.0,334.0
제주,20220911,193.0,6286.0,181.0,5700.0,12.0,585.0
제주,20220912,195.0,6236.0,181.0,5575.0,13.0,661.0
제주,20220913,211.0,7599.0,192.0,6106.0,20.0,1494.0
제주,20220914,222.0,8130.0,200.0,6449.0,22.0,1681.0
제주,20220915,226.0,8537.0,204.0,6715.0,23.0,1822.0
제주,20220916,247.0,9760.0,223.0,7807.0,24.0,1953.0
제주,20220917,240.0,8513.0,221.0,7394.0,19.0,1119.0
제주,20220918,206.0,6773.0,192.0,6008.0,14.0,765.0
제주,20220919,238.0,9138.0,216.0,7495.0,22.0,1643.0
제주,20220920,244.0,9420.0,220.0,7492.0,24.0,1928.0
제주,20220921,245.0,9413.0,221.0,7456.0,24.0,1957.0
제주,20220922,243.0,9058.0,219.0,7125.0,25.0,1933.0
제주,20220923,254.0,9631.0,229.0,7679.0,25.0,1952.0
제주,20220924,250.0,8679.0,230.0,7577.0,19.0,1102.0
제주,20220925,219.0,7324.0,204.0,6509.0,15.0,815.0
제주,20220926,253.0,9493.0,229.0,7528.0,25.0,1965.0
제주,20220927,251.0,9427.0,226.0,7346.0,25.0,2081.0
제주,20220928,248.0,9339.0,223.0,7172.0,25.0,2167.0
제주,20220929,250.0,9545.0,225.0,7372.0,25.0,2172.0
제주,20220930,263.0,10974.0,237.0,8254.0,26.0,2720.0
제주,20221001,257.0,9066.0,238.0,7928.0,19.0,1137.0
제주,20221002,229.0,7518.0,214.0,6753.0,15.0,765.0
제주,20221003,230.0,7606.0,212.0,6653.0,18.0,953.0
제주,20221004,243.0,9161.0,221.0,7293.0,23.0,1868.0
제주,20221005,246.0,9207.0,222.0,7213.0,24.0,1994.0
제주,20221006,243.0,9137.0,218.0,7199.0,24.0,1939.0
제주,20221007,257.0,10173.0,233.0,8083.0,24.0,2090.0
제주,20221008,239.0,8813.0,222.0,7744.0,17.0,1069.0
제주,20221009,208.0,7210.0,195.0,6503.0,13.0,708.0
제주,20221010,222.0,7781.0,205.0,6848.0,17.0,933.0
제주,20221011,253.0,9373.0,229.0,7542.0,24.0,1831.0
제주,20221012,250.0,9344.0,225.0,7316.0,25.0,2028.0
제주,20221013,250.0,9322.0,225.0,7256.0,25.0,2066.0
제주,20221014,257.0,9569.0,232.0,7598.0,25.0,1971.0
제주,20221015,255.0,8879.0,236.0,7763.0,19.0,1116.0
제주,20221016,220.0,7321.0,205.0,6519.0,15.0,802.0
제주,20221017,247.0,9376.0,224.0,7505.0,23.0,1871.0
제주,20221018,247.0,9285.0,223.0,7301.0,24.0,1984.0
제주,20221019,252.0,9720.0,228.0,7753.0,25.0,1967.0
제주,20221020,257.0,10378.0,233.0,8280.0,25.0,2098.0
제주,20221021,263.0,10468.0,238.0,8295.0,25.0,2173.0
제주,20221022,249.0,8790.0,231.0,7712.0,18.0,1078.0
제주,20221023,220.0,7471.0,205.0,6690.0,14.0,781.0
제주,20221024,247.0,9701.0,224.0,7794.0,24.0,1908.0
제주,20221025,250.0,9611.0,226.0,7452.0,24.0,2159.0
제주,20221026,250.0,9683.0,225.0,7427.0,25.0,2256.0
제주,20221027,249.0,9508.0,224.0,7314.0,25.0,2194.0
제주,20221028,257.0,10225.0,232.0,7830.0,25.0,2395.0
제주,20221029,247.0,8965.0,228.0,7797.0,19.0,1168.0
제주,20221030,210.0,7103.0,196.0,6286.0,14.0,817.0
제주,20221031,246.0,10171.0,221.0,7640.0,24.0,2532.0
제주,20221101,240.0,9260.0,216.0,7203.0,23.0,2058.0
제주,20221102,241.0,9307.0,218.0,7358.0,23.0,1948.0
제주,20221103,240.0,9120.0,217.0,7177.0,23.0,1943.0
제주,20221104,243.0,9839.0,220.0,7708.0,23.0,2131.0
제주,20221105,238.0,8809.0,219.0,7645.0,19.0,1164.0
제주,20221106,206.0,7135.0,192.0,6333.0,14.0,802.0
제주,20221107,237.0,9172.0,214.0,7304.0,23.0,1868.0
제주,20221108,236.0,9244.0,213.0,7233.0,24.0,2011.0
제주,20221109,237.0,9125.0,213.0,7123.0,24.0,2002.0
제주,20221110,243.0,9404.0,219.0,7332.0,24.0,2072.0
제주,20221111,251.0,9754.0,227.0,7686.0,24.0,2068.0
제주,20221112,227.0,8110.0,210.0,7071.0,17.0,1039.0
제주,20221113,198.0,6831.0,184.0,6100.0,13.0,730.0
제주,20221114,231.0,8985.0,208.0,7102.0,23.0,1884.0
제주,20221115,231.0,9590.0,207.0,7636.0,23.0,1954.0
제주,20221116,236.0,9936.0,212.0,7969.0,24.0,1967.0
제주,20221117,231.0,9654.0,207.0,7721.0,23.0,1933.0
제주,20221118,242.0,10186.0,218.0,8064.0,24.0,2122.0
제주,20221119,234.0,8688.0,216.0,7624.0,18.0,1064.0
제주,20221120,182.0,6453.0,169.0,5806.0,12.0,647.0
제주,20221121,235.0,9432.0,212.0,7559.0,23.0,1873.0
제주,20221122,215.0,8747.0,194.0,6888.0,22.0,1860.0
제주,20221123,230.0,9393.0,206.0,7355.0,23.0,2038.0
제주,20221124,233.0,9105.0,209.0,7101.0,24.0,2004.0
제주,20221125,236.0,9699.0,212.0,7509.0,24.0,2190.0
제주,20221126,226.0,8357.0,207.0,7190.0,19.0,1167.0
제주,20221127,200.0,6958.0,186.0,6180.0,14.0,778.0
제주,20221128,236.0,9303.0,213.0,7246.0,23.0,2057.0
제주,20221129,209.0,8813.0,188.0,6734.0,21.0,2079.0
제주,20221130,221.0,10741.0,197.0,7800.0,24.0,2941.0
제주,20221201,221.0,9499.0,198.0,7402.0,23.0,2097.0
제주,20221202,234.0,10047.0,211.0,7875.0,24.0,2172.0
제주,20221203,212.0,8278.0,196.0,7145.0,16.0,1133.0
제주,20221204,188.0,6791.0,175.0,6047.0,13.0,744.0
제주,20221205,221.0,9305.0,199.0,7275.0,22.0,2030.0
제주,20221206,216.0,9118.0,193.0,7014.0,23.0,2105.0
제주,20221207,223.0,9522.0,199.0,7290.0,24.0,2232.0
제주,20221208,221.0,8920.0,197.0,6873.0,23.0,2048.0
제주,20221209,230.0,9429.0,207.0,7248.0,23.0,2181.0
제주,20221210,219.0,8106.0,201.0,7031.0,18.0,1075.0
제주,20221211,188.0,7143.0,175.0,6401.0,13.0,743.0
제주,20221212,222.0,8876.0,200.0,6902.0,22.0,1974.0
제주,20221213,218.0,8958.0,196.0,6877.0,23.0,2081.0
제주,20221214,213.0,9022.0,191.0,6826.0,22.0,2196.0
제주,20221215,222.0,9676.0,199.0,7448.0,22.0,2228.0
제주,20221216,228.0,10499.0,205.0,8273.0,22.0,2225.0
제주,20221217,204.0,8013.0,188.0,6974.0,16.0,1039.0
제주,20221218,151.0,5098.0,141.0,4515.0,10.0,583.0
제주,20221219,219.0,9496.0,198.0,7511.0,21.0,1984.0
제주,20221220,223.0,9635.0,200.0,7368.0,23.0,2267.0
제주,20221221,216.0,9494.0,194.0,7189.0,22.0,2305.0
제주,20221222,195.0,8577.0,175.0,6528.0,20.0,2049.0
제주,20221223,170.0,6640.0,155.0,5103.0,15.0,1536.0
제주,20221224,199.0,7090.0,186.0,6303.0,14.0,787.0
제주,20221225,192.0,6667.0,180.0,5995.0,12.0,671.0
제주,20221226,224.0,10030.0,201.0,7398.0,23.0,2632.0
제주,20221227,222.0,9897.0,199.0,7304.0,23.0,2593.0
제주,20221228,225.0,9862.0,202.0,7343.0,23.0,2518.0
제주,20221229,228.0,10384.0,205.0,7600.0,23.0,2784.0
제주,20221230,245.0,11116.0,222.0,8404.0,23.0,2712.0
제주,20221231,249.0,9821.0,231.0,8563.0,18.0,1259.0
제주,20230101,190.0,6227.0,179.0,5652.0,11.0,575.0
제주,20230102,231.0,8501.0,211.0,7151.0,20.0,1350.0
제주,20230103,231.0,8435.0,211.0,7049.0,21.0,1386.0
제주,20230104,234.0,8611.0,213.0,7190.0,21.0,1420.0
제주,20230105,230.0,8725.0,209.0,7330.0,21.0,1395.0
제주,20230106,234.0,8999.0,213.0,7440.0,21.0,1559.0
제주,20230107,221.0,8046.0,205.0,7135.0,16.0,911.0
제주,20230108,197.0,6622.0,184.0,5923.0,13.0,698.0
제주,20230109,231.0,8712.0,210.0,7269.0,21.0,1444.0
제주,20230110,232.0,8839.0,211.0,7363.0,21.0,1476.0
제주,20230111,237.0,8931.0,215.0,7306.0,22.0,1625.0
제주,20230112,228.0,8769.0,207.0,7125.0,21.0,1644.0
제주,20230113,219.0,8393.0,199.0,6807.0,20.0,1585.0
제주,20230114,226.0,8366.0,210.0,7372.0,16.0,994.0
제주,20230115,189.0,6700.0,176.0,5963.0,13.0,737.0
제주,20230116,229.0,9883.0,208.0,8011.0,21.0,1872.0
제주,20230117,228.0,10064.0,207.0,8177.0,21.0,1887.0
제주,20230118,234.0,10687.0,212.0,8633.0,22.0,2053.0
제주,20230119,245.0,11565.0,222.0,9458.0,22.0,2107.0
제주,20230120,271.0,13602.0,249.0,11290.0,22.0,2312.0
제주,20230121,231.0,8759.0,217.0,7947.0,14.0,812.0
제주,20230122,114.0,3041.0,108.0,2793.0,6.0,248.0
제주,20230123,175.0,5773.0,165.0,5288.0,10.0,485.0
제주,20230124,118.0,3681.0,110.0,3370.0,7.0,310.0
제주,20230125,199.0,7479.0,184.0,6445.0,15.0,1034.0
제주,20230126,225.0,9007.0,205.0,7391.0,20.0,1616.0
제주,20230127,201.0,8016.0,183.0,6612.0,18.0,1403.0
제주,20230128,186.0,6393.0,174.0,5676.0,13.0,716.0
제주,20230129,187.0,6223.0,175.0,5584.0,12.0,639.0
제주,20230130,235.0,9542.0,213.0,7623.0,22.0,1919.0
제주,20230131,235.0,9929.0,212.0,7624.0,23.0,2305.0
제주,20230201,231.0,9334.0,210.0,7698.0,22.0,1636.0
제주,20230202,230.0,9026.0,208.0,7455.0,22.0,1571.0
제주,20230203,236.0,9568.0,214.0,7907.0,22.0,1661.0
제주,20230204,228.0,8256.0,211.0,7323.0,17.0,934.0
제주,20230205,199.0,6582.0,186.0,5876.0,13.0,706.0
제주,20230206,219.0,8362.0,198.0,6864.0,21.0,1498.0
제주,20230207,231.0,8934.0,210.0,7325.0,22.0,1609.0
제주,20230208,234.0,9013.0,212.0,7412.0,22.0,1601.0
제주,20230209,221.0,8361.0,200.0,6875.0,20.0,1486.0
제주,20230210,237.0,9115.0,216.0,7502.0,21.0,1613.0
제주,20230211,229.0,8274.0,213.0,7296.0,17.0,978.0
제주,20230212,182.0,6131.0,170.0,5527.0,12.0,604.0
제주,20230213,231.0,8798.0,211.0,7340.0,20.0,1458.0
제주,20230214,240.0,9213.0,218.0,7576.0,22.0,1637.0
제주,20230215,225.0,9150.0,204.0,7545.0,21.0,1605.0
제주,20230216,228.0,9583.0,208.0,7984.0,21.0,1598.0
제주,20230217,237.0,9810.0,216.0,8120.0,21.0,1690.0
제주,20230218,223.0,8236.0,207.0,7300.0,16.0,936.0
제주,20230219,198.0,6859.0,185.0,6177.0,13.0,682.0
제주,20230220,236.0,9741.0,214.0,8088.0,22.0,1652.0
제주,20230221,233.0,9602.0,211.0,7712.0,22.0,1890.0
제주,20230222,233.0,9155.0,210.0,7372.0,23.0,1783.0
제주,20230223,233.0,9308.0,211.0,7691.0,22.0,1617.0
제주,20230224,245.0,9862.0,222.0,8016.0,22.0,1846.0
제주,20230225,227.0,8324.0,211.0,7335.0,17.0,989.0
제주,20230226,205.0,7107.0,191.0,6396.0,13.0,711.0
제주,20230227,240.0,9552.0,218.0,7734.0,22.0,1818.0
제주,20230228,247.0,10612.0,224.0,8452.0,23.0,2160.0
제주,20230301,206.0,7216.0,191.0,6407.0,15.0,810.0
제주,20230302,236.0,9443.0,214.0,7844.0,21.0,1600.0
제주,20230303,238.0,9646.0,217.0,8045.0,22.0,1600.0
제주,20230304,234.0,8179.0,217.0,7242.0,17.0,936.0
제주,20230305,200.0,6520.0,187.0,5899.0,13.0,621.0
제주,20230306,237.0,9156.0,215.0,7611.0,21.0,1545.0
제주,20230307,231.0,8791.0,209.0,7212.0,22.0,1579.0
제주,20230308,236.0,8581.0,214.0,7072.0,22.0,1509.0
제주,20230309,228.0,8308.0,207.0,6748.0,22.0,1560.0
제주,20230310,238.0,8810.0,216.0,7275.0,22.0,1535.0
제주,20230311,236.0,8110.0,219.0,7219.0,17.0,891.0
제주,20230312,184.0,6036.0,172.0,5439.0,12.0,597.0
제주,20230313,236.0,8833.0,214.0,7247.0,22.0,1586.0
제주,20230314,237.0,8623.0,215.0,7066.0,22.0,1557.0
제주,20230315,236.0,8653.0,213.0,7071.0,22.0,1582.0
제주,20230316,233.0,9033.0,211.0,7434.0,22.0,1599.0
제주,20230317,222.0,9073.0,202.0,7560.0,20.0,1513.0
제주,20230318,243.0,8639.0,226.0,7681.0,17.0,958.0
제주,20230319,208.0,6997.0,195.0,6308.0,13.0,689.0
제주,20230320,240.0,9409.0,218.0,7823.0,22.0,1586.0
제주,20230321,229.0,8789.0,208.0,7261.0,21.0,1528.0
제주,20230322,229.0,8557.0,207.0,7030.0,22.0,1528.0
제주,20230323,229.0,8436.0,208.0,6911.0,21.0,1525.0
제주,20230324,231.0,9056.0,210.0,7408.0,21.0,1648.0
제주,20230325,234.0,8259.0,217.0,7348.0,17.0,911.0
제주,20230326,213.0,7105.0,199.0,6382.0,14.0,723.0
제주,20230327,244.0,9247.0,221.0,7506.0,23.0,1740.0
제주,20230328,241.0,9085.0,218.0,7323.0,23.0,1762.0
제주,20230329,243.0,9039.0,220.0,7138.0,23.0,1901.0
제주,20230330,242.0,9251.0,219.0,7365.0,23.0,1886.0
제주,20230331,259.0,10707.0,235.0,8388.0,24.0,2320.0
제주,20230401,255.0,8953.0,237.0,7917.0,18.0,1036.0
제주,20230402,219.0,7270.0,205.0,6479.0,14.0,791.0
제주,20230403,246.0,9102.0,224.0,7548.0,22.0,1554.0
제주,20230404,230.0,8770.0,209.0,7141.0,21.0,1628.0
제주,20230405,215.0,7665.0,196.0,6276.0,19.0,1389.0
제주,20230406,230.0,8438.0,208.0,6823.0,22.0,1614.0
제주,20230407,243.0,9186.0,220.0,7495.0,22.0,1691.0
제주,20230408,247.0,8614.0,229.0,7638.0,18.0,976.0
제주,20230409,216.0,7036.0,202.0,6345.0,14.0,691.0
제주,20230410,249.0,9112.0,227.0,7560.0,22.0,1552.0
제주,20230411,240.0,8615.0,217.0,6997.0,22.0,1617.0
제주,20230412,244.0,8895.0,220.0,7148.0,23.0,1747.0
제주,20230413,246.0,8913.0,223.0,7202.0,23.0,1711.0
제주,20230414,228.0,8496.0,208.0,6998.0,20.0,1499.0
제주,20230415,243.0,8576.0,225.0,7612.0,17.0,964.0
제주,20230416,210.0,7028.0,196.0,6314.0,14.0,714.0
제주,20230417,251.0,9277.0,228.0,7657.0,23.0,1619.0
제주,20230418,238.0,9172.0,215.0,7523.0,22.0,1650.0
제주,20230419,247.0,9265.0,224.0,7598.0,23.0,1667.0
제주,20230420,250.0,9436.0,227.0,7532.0,24.0,1903.0
제주,20230421,256.0,9704.0,232.0,7936.0,24.0,1768.0
제주,20230422,240.0,8395.0,223.0,7388.0,18.0,1007.0
제주,20230423,209.0,7000.0,195.0,6258.0,14.0,742.0
제주,20230424,232.0,8632.0,211.0,7045.0,21.0,1587.0
제주,20230425,226.0,8583.0,205.0,6909.0,21.0,1675.0
제주,20230426,243.0,9403.0,220.0,7446.0,23.0,1957.0
제주,20230427,245.0,9246.0,222.0,7203.0,24.0,2043.0
제주,20230428,256.0,10572.0,232.0,8049.0,24.0,2523.0
제주,20230429,227.0,8287.0,211.0,7296.0,16.0,991.0
제주,20230430,225.0,7646.0,210.0,6844.0,14.0,802.0
제주,20230501,236.0,7859.0,219.0,6745.0,18.0,1114.0
제주,20230502,257.0,9611.0,234.0,7649.0,24.0,1962.0
제주,20230503,225.0,8566.0,203.0,6802.0,22.0,1764.0
제주,20230504,208.0,7642.0,190.0,6175.0,19.0,1467.0
제주,20230505,196.0,6787.0,183.0,6037.0,14.0,750.0
제주,20230506,246.0,8830.0,230.0,7908.0,17.0,921.0
제주,20230507,185.0,6498.0,173.0,5862.0,12.0,636.0
제주,20230508,257.0,9518.0,234.0,7768.0,23.0,1751.0
제주,20230509,246.0,8653.0,222.0,6890.0,23.0,1763.0
제주,20230510,252.0,8960.0,228.0,7097.0,24.0,1863.0
제주,20230511,250.0,8879.0,227.0,7059.0,24.0,1821.0
제주,20230512,247.0,8958.0,224.0,7154.0,23.0,1803.0
제주,20230513,239.0,8340.0,222.0,7309.0,17.0,1031.0
제주,20230514,216.0,6920.0,202.0,6202.0,14.0,718.0
제주,20230515,245.0,8654.0,222.0,6999.0,22.0,1655.0
제주,20230516,250.0,8656.0,227.0,6898.0,24.0,1758.0
제주,20230517,250.0,8987.0,226.0,7237.0,24.0,1750.0
제주,20230518,221.0,8432.0,201.0,6926.0,20.0,1506.0
제주,20230519,256.0,9774.0,232.0,7962.0,23.0,1813.0
제주,20230520,248.0,8368.0,230.0,7345.0,18.0,1023.0
제주,20230521,211.0,6854.0,197.0,6142.0,14.0,712.0
제주,20230522,241.0,8755.0,218.0,7083.0,22.0,1671.0
제주,20230523,247.0,8799.0,223.0,7013.0,24.0,1786.0
제주,20230524,242.0,8527.0,218.0,6704.0,24.0,1824.0
제주,20230525,253.0,9030.0,228.0,7054.0,24.0,1976.0
제주,20230526,260.0,9416.0,236.0,7411.0,24.0,2004.0
제주,20230527,232.0,7543.0,216.0,6698.0,16.0,846.0
제주,20230528,222.0,7047.0,208.0,6347.0,14.0,700.0
제주,20230529,226.0,7330.0,209.0,6447.0,16.0,883.0
제주,20230530,225.0,8396.0,204.0,6546.0,21.0,1850.0
제주,20230531,250.0,9914.0,225.0,7429.0,24.0,2485.0
제주,20230601,225.0,8309.0,203.0,6552.0,22.0,1757.0
제주,20230602,260.0,9614.0,236.0,7724.0,24.0,1890.0
제주,20230603,260.0,8634.0,241.0,7582.0,19.0,1052.0
제주,20230604,228.0,7098.0,214.0,6369.0,15.0,729.0
제주,20230605,258.0,9119.0,237.0,7494.0,22.0,1625.0
제주,20230606,224.0,7060.0,208.0,6233.0,16.0,826.0
제주,20230607,257.0,9055.0,233.0,7157.0,24.0,1898.0
제주,20230608,244.0,8509.0,221.0,6702.0,23.0,1807.0
제주,20230609,254.0,9038.0,230.0,7200.0,24.0,1839.0
제주,20230610,254.0,8350.0,235.0,7325.0,19.0,1025.0
제주,20230611,216.0,6698.0,202.0,6009.0,14.0,690.0
제주,20230612,251.0,8572.0,228.0,6935.0,23.0,1637.0
제주,20230613,246.0,8634.0,222.0,6780.0,24.0,1855.0
제주,20230614,250.0,8706.0,225.0,6822.0,24.0,1884.0
제주,20230615,249.0,8811.0,225.0,6955.0,24.0,1855.0
제주,20230616,256.0,9498.0,232.0,7651.0,24.0,1846.0
제주,20230617,249.0,8194.0,230.0,7180.0,18.0,1014.0
제주,20230618,212.0,6632.0,199.0,5946.0,14.0,686.0
제주,20230619,249.0,9119.0,226.0,7465.0,23.0,1654.0
제주,20230620,232.0,8689.0,211.0,7044.0,22.0,1645.0
제주,20230621,238.0,8898.0,215.0,7176.0,23.0,1722.0
제주,20230622,242.0,8773.0,218.0,6976.0,24.0,1797.0
제주,20230623,259.0,9228.0,235.0,7464.0,24.0,1764.0
제주,20230624,253.0,8311.0,234.0,7297.0,19.0,1014.0
제주,20230625,172.0,5534.0,161.0,4987.0,11.0,547.0
제주,20230626,239.0,8323.0,217.0,6723.0,22.0,1600.0
제주,20230627,222.0,7897.0,202.0,6281.0,20.0,1616.0
제주,20230628,242.0,8609.0,219.0,6771.0,23.0,1838.0
제주,20230629,237.0,8625.0,215.0,6679.0,23.0,1947.0
제주,20230630,218.0,8787.0,198.0,6630.0,20.0,2157.0
제주,20230701,245.0,8160.0,228.0,7192.0,17.0,968.0
제주,20230702,208.0,6251.0,194.0,5609.0,13.0,642.0
제주,20230703,229.0,7995.0,208.0,6473.0,21.0,1521.0
제주,20230704,238.0,8312.0,215.0,6613.0,23.0,1699.0
제주,20230705,239.0,8309.0,217.0,6600.0,23.0,1708.0
제주,20230706,245.0,8295.0,221.0,6617.0,23.0,1679.0
제주,20230707,242.0,8278.0,220.0,6679.0,22.0,1599.0
제주,20230708,219.0,7149.0,204.0,6314.0,15.0,836.0
제주,20230709,206.0,6257.0,192.0,5609.0,14.0,648.0
제주,20230710,245.0,8327.0,222.0,6792.0,23.0,1535.0
제주,20230711,245.0,8419.0,222.0,6727.0,24.0,1691.0
제주,20230712,241.0,8171.0,217.0,6481.0,24.0,1690.0
제주,20230713,242.0,8189.0,219.0,6469.0,23.0,1720.0
제주,20230714,246.0,8383.0,223.0,6745.0,23.0,1637.0
제주,20230715,248.0,7979.0,230.0,7014.0,18.0,965.0
제주,20230716,201.0,6106.0,188.0,5526.0,13.0,579.0
제주,20230717,231.0,8195.0,209.0,6736.0,22.0,1459.0
제주,20230718,224.0,8120.0,203.0,6717.0,21.0,1403.0
제주,20230719,243.0,8752.0,221.0,7138.0,23.0,1614.0
제주,20230720,247.0,8755.0,224.0,7120.0,23.0,1635.0
제주,20230721,254.0,9061.0,230.0,7365.0,23.0,1696.0
제주,20230722,228.0,7366.0,211.0,6452.0,16.0,914.0
제주,20230723,206.0,6296.0,192.0,5627.0,13.0,669.0
제주,20230724,235.0,8059.0,214.0,6649.0,21.0,1410.0
제주,20230725,245.0,8485.0,223.0,6897.0,22.0,1589.0
제주,20230726,251.0,8815.0,228.0,7131.0,23.0,1685.0
제주,20230727,255.0,8852.0,231.0,7155.0,24.0,1697.0
제주,20230728,255.0,9124.0,232.0,7426.0,23.0,1699.0
제주,20230729,254.0,8259.0,235.0,7302.0,18.0,957.0
제주,20230730,223.0,6753.0,208.0,6071.0,14.0,682.0
제주,20230731,267.0,9990.0,243.0,7765.0,24.0,2225.0
제주,20230801,262.0,9157.0,238.0,7499.0,24.0,1658.0
제주,20230802,261.0,9036.0,237.0,7398.0,23.0,1638.0
제주,20230803,261.0,8868.0,238.0,7314.0,24.0,1554.0
제주,20230804,264.0,9078.0,241.0,7515.0,24.0,1564.0
제주,20230805,256.0,8325.0,238.0,7391.0,18.0,934.0
제주,20230806,223.0,6735.0,209.0,6031.0,15.0,704.0
제주,20230807,261.0,9024.0,238.0,7419.0,24.0,1605.0
제주,20230808,257.0,8760.0,234.0,7116.0,23.0,1644.0
제주,20230809,222.0,7423.0,202.0,6149.0,20.0,1275.0
제주,20230810,235.0,7840.0,215.0,6530.0,20.0,1310.0
제주,20230811,257.0,8700.0,234.0,7093.0,23.0,1607.0
제주,20230812,251.0,8101.0,233.0,7180.0,18.0,921.0
제주,20230813,221.0,6775.0,207.0,6056.0,14.0,719.0
제주,20230814,264.0,9042.0,241.0,7471.0,23.0,1570.0
제주,20230815,233.0,7191.0,215.0,6298.0,17.0,893.0
제주,20230816,260.0,9027.0,237.0,7415.0,24.0,1612.0
제주,20230817,251.0,8972.0,228.0,7357.0,23.0,1615.0
제주,20230818,258.0,9241.0,235.0,7643.0,23.0,1597.0
제주,20230819,248.0,8011.0,230.0,7077.0,18.0,934.0
제주,20230820,215.0,6482.0,201.0,5834.0,14.0,648.0
제주,20230821,253.0,8742.0,230.0,7278.0,23.0,1464.0
제주,20230822,241.0,8477.0,219.0,6987.0,22.0,1490.0
제주,20230823,217.0,7711.0,197.0,6230.0,20.0,1481.0
제주,20230824,241.0,8450.0,219.0,6843.0,22.0,1607.0
제주,20230825,260.0,9352.0,236.0,7555.0,24.0,1797.0
제주,20230826,250.0,8028.0,232.0,7082.0,18.0,946.0
제주,20230827,216.0,6656.0,202.0,5977.0,14.0,679.0
제주,20230828,246.0,8762.0,224.0,7037.0,23.0,1726.0
제주,20230829,237.0,8568.0,215.0,6841.0,22.0,1727.0
제주,20230830,219.0,7921.0,199.0,6223.0,20.0,1698.0
제주,20230831,247.0,9568.0,224.0,7242.0,23.0,2326.0
제주,20230901,242.0,9036.0,220.0,7243.0,22.0,1793.0
제주,20230902,242.0,8069.0,225.0,7109.0,17.0,960.0
제주,20230903,211.0,6494.0,198.0,5806.0,14.0,688.0
제주,20230904,247.0,8551.0,224.0,6867.0,23.0,1684.0
제주,20230905,245.0,8615.0,222.0,6884.0,23.0,1731.0
제주,20230906,252.0,8823.0,228.0,7030.0,24.0,1793.0
제주,20230907,246.0,8817.0,222.0,6894.0,23.0,1923.0
제주,20230908,257.0,9029.0,233.0,7293.0,24.0,1736.0
제주,20230909,256.0,8596.0,237.0,7528.0,19.0,1068.0
제주,20230910,215.0,6696.0,201.0,5969.0,14.0,728.0
제주,20230911,250.0,8478.0,227.0,6898.0,22.0,1580.0
제주,20230912,243.0,8631.0,220.0,6751.0,23.0,1880.0
제주,20230913,247.0,8647.0,223.0,6850.0,23.0,1797.0
제주,20230914,237.0,8408.0,215.0,6588.0,22.0,1820.0
제주,20230915,257.0,9560.0,233.0,7737.0,23.0,1824.0
제주,20230916,231.0,7836.0,214.0,6888.0,16.0,948.0
제주,20230917,198.0,6344.0,185.0,5675.0,13.0,669.0
제주,20230918,248.0,9438.0,225.0,7624.0,23.0,1814.0
제주,20230919,244.0,9132.0,221.0,7260.0,23.0,1873.0
제주,20230920,242.0,9236.0,218.0,7135.0,23.0,2102.0
제주,20230921,242.0,9383.0,218.0,7139.0,23.0,2244.0
제주,20230922,246.0,9735.0,223.0,7509.0,23.0,2226.0
제주,20230923,241.0,8138.0,223.0,7021.0,18.0,1117.0
제주,20230924,208.0,6992.0,195.0,6146.0,14.0,846.0
제주,20230925,252.0,10548.0,228.0,7893.0,24.0,2655.0
제주,20230926,259.0,11514.0,234.0,8702.0,25.0,2812.0
제주,20230927,294.0,14247.0,269.0,11103.0,25.0,3145.0
제주,20230928,251.0,8823.0,236.0,8040.0,14.0,783.0
제주,20230929,153.0,4067.0,145.0,3735.0,8.0,333.0
제주,20230930,193.0,6272.0,182.0,5681.0,11.0,592.0
제주,20231001,212.0,6682.0,200.0,6056.0,12.0,626.0
제주,20231002,227.0,7262.0,213.0,6496.0,14.0,766.0
제주,20231003,205.0,6472.0,191.0,5739.0,14.0,734.0
제주,20231004,245.0,9174.0,223.0,7165.0,22.0,2009.0
제주,20231005,237.0,8681.0,214.0,6825.0,22.0,1856.0
제주,20231006,246.0,9231.0,223.0,7289.0,23.0,1942.0
제주,20231007,226.0,7809.0,210.0,6872.0,16.0,938.0
제주,20231008,208.0,6873.0,195.0,6215.0,13.0,658.0
제주,20231009,219.0,7178.0,203.0,6320.0,16.0,858.0
제주,20231010,249.0,8910.0,227.0,7157.0,22.0,1753.0
제주,20231011,246.0,8950.0,223.0,7021.0,23.0,1929.0
제주,20231012,245.0,8866.0,221.0,6958.0,23.0,1907.0
제주,20231013,250.0,9111.0,227.0,7183.0,23.0,1928.0
제주,20231014,244.0,8345.0,227.0,7278.0,18.0,1067.0
제주,20231015,210.0,6718.0,197.0,6008.0,13.0,710.0
제주,20231016,245.0,8778.0,223.0,7055.0,22.0,1722.0
제주,20231017,243.0,9192.0,221.0,7275.0,23.0,1916.0
제주,20231018,250.0,9764.0,227.0,7815.0,23.0,1949.0
제주,20231019,247.0,9353.0,224.0,7389.0,23.0,1964.0
제주,20231020,250.0,9900.0,228.0,7890.0,22.0,2009.0
제주,20231021,244.0,8486.0,227.0,7468.0,17.0,1018.0
제주,20231022,211.0,6867.0,197.0,6129.0,13.0,738.0
제주,20231023,246.0,9048.0,224.0,7254.0,22.0,1794.0
제주,20231024,243.0,9025.0,220.0,7072.0,23.0,1953.0
제주,20231025,253.0,9234.0,229.0,7053.0,24.0,2181.0
제주,20231026,247.0,8925.0,224.0,6903.0,23.0,2023.0
제주,20231027,250.0,9480.0,226.0,7322.0,23.0,2158.0
제주,20231028,242.0,8316.0,225.0,7229.0,17.0,1087.0
제주,20231029,212.0,6827.0,198.0,6057.0,14.0,770.0
제주,20231030,244.0,9184.0,221.0,7151.0,23.0,2033.0
제주,20231031,244.0,9758.0,220.0,7175.0,24.0,2583.0
제주,20231101,241.0,9078.0,218.0,7054.0,23.0,2024.0
제주,20231102,241.0,8719.0,218.0,6896.0,23.0,1823.0
제주,20231103,247.0,9252.0,224.0,7241.0,23.0,2011.0
제주,20231104,241.0,8178.0,224.0,7143.0,17.0,1035.0
제주,20231105,197.0,6511.0,184.0,5802.0,13.0,709.0
제주,20231106,232.0,8742.0,212.0,7055.0,21.0,1687.0
제주,20231107,232.0,8760.0,210.0,6868.0,22.0,1892.0
제주,20231108,237.0,8818.0,214.0,6906.0,23.0,1912.0
제주,20231109,235.0,8584.0,213.0,6779.0,22.0,1806.0
제주,20231110,243.0,9277.0,221.0,7489.0,21.0,1788.0
제주,20231111,239.0,8442.0,222.0,7433.0,17.0,1009.0
제주,20231112,195.0,6634.0,183.0,5945.0,12.0,689.0
제주,20231113,232.0,8811.0,211.0,7038.0,21.0,1773.0
제주,20231114,229.0,8992.0,207.0,7084.0,22.0,1908.0
제주,20231115,240.0,9642.0,218.0,7641.0,22.0,2000.0
제주,20231116,215.0,8820.0,195.0,7181.0,20.0,1639.0
제주,20231117,228.0,9610.0,207.0,7843.0,20.0,1767.0
제주,20231118,228.0,8445.0,212.0,7478.0,16.0,967.0
제주,20231119,201.0,6907.0,188.0,6163.0,13.0,744.0
제주,20231120,237.0,9291.0,215.0,7593.0,21.0,1697.0
제주,20231121,234.0,8945.0,212.0,7109.0,22.0,1836.0
제주,20231122,234.0,8944.0,211.0,7086.0,22.0,1858.0
제주,20231123,232.0,8891.0,210.0,6995.0,22.0,1897.0
제주,20231124,240.0,9631.0,218.0,7609.0,22.0,2021.0
제주,20231125,228.0,8259.0,211.0,7249.0,16.0,1010.0
제주,20231126,200.0,6719.0,188.0,6022.0,13.0,697.0
제주,20231127,233.0,9301.0,212.0,7420.0,21.0,1881.0
제주,20231128,226.0,9468.0,205.0,7210.0,22.0,2259.0
제주,20231129,225.0,9473.0,203.0,7237.0,22.0,2236.0
제주,20231130,224.0,10109.0,202.0,7445.0,23.0,2664.0
제주,20231201,232.0,9993.0,210.0,7969.0,22.0,2024.0
제주,20231202,224.0,8355.0,208.0,7326.0,16.0,1029.0
제주,20231203,197.0,6635.0,184.0,5939.0,13.0,696.0
제주,20231204,231.0,9324.0,210.0,7394.0,21.0,1930.0
제주,20231205,231.0,9203.0,209.0,7198.0,22.0,2005.0
제주,20231206,228.0,9119.0,206.0,7070.0,22.0,2048.0
제주,20231207,230.0,9051.0,208.0,6991.0,22.0,2060.0
제주,20231208,241.0,9454.0,219.0,7411.0,22.0,2043.0
제주,20231209,235.0,8093.0,218.0,7090.0,17.0,1003.0
제주,20231210,194.0,6212.0,182.0,5581.0,12.0,631.0
제주,20231211,220.0,8256.0,200.0,6508.0,19.0,1749.0
제주,20231212,224.0,8756.0,203.0,6773.0,21.0,1983.0
제주,20231213,229.0,9033.0,206.0,6927.0,22.0,2106.0
제주,20231214,217.0,8506.0,196.0,6450.0,21.0,2056.0
제주,20231215,230.0,9858.0,210.0,7759.0,21.0,2099.0
제주,20231216,209.0,7821.0,195.0,6933.0,14.0,888.0
제주,20231217,171.0,5764.0,160.0,5206.0,10.0,558.0
제주,20231218,224.0,9640.0,203.0,7546.0,21.0,2093.0
제주,20231219,223.0,9592.0,201.0,7330.0,22.0,2262.0
제주,20231220,223.0,9845.0,201.0,7343.0,22.0,2502.0
제주,20231221,182.0,7334.0,165.0,5474.0,17.0,1860.0
제주,20231222,184.0,6925.0,169.0,5329.0,15.0,1596.0
제주,20231223,214.0,7812.0,200.0,6954.0,14.0,858.0
제주,20231224,200.0,6929.0,188.0,6288.0,12.0,640.0
제주,20231225,208.0,7028.0,195.0,6323.0,13.0,706.0
제주,20231226,241.0,10795.0,217.0,7852.0,23.0,2944.0
제주,20231227,235.0,10297.0,212.0,7470.0,24.0,2827.0
제주,20231228,238.0,10239.0,215.0,7638.0,23.0,2601.0
제주,20231229,253.0,10985.0,230.0,8317.0,23.0,2668.0
제주,20231230,243.0,9116.0,226.0,7949.0,17.0,1167.0
제주,20231231,224.0,7893.0,210.0,7101.0,13.0,791.0
