숙박업명,시도명,구군명,주변숙박업목록내용,1분기평균가격,2분기평균가격,객실수,주차장존재여부,식당존재여부,바여부,카페보유여부,피트니스센터여부,야외수영장여부,스파여부,사우나여부,연회장여부,비즈니스센터여부,해변여부,주변숙박업소수,구군명_서귀포시,구군명_제주시,1분기평균가격_log,2분기평균가격_log,객실수_log,주변숙박업소수_log,1분기평균가격_robust,2분기평균가격_robust,객실수_robust,주변숙박업소수_robust,1Q Average Price_standard,2Q Average Price_standard,Number of rooms_standard,Number of Accommodations Nearby_standard
히든 클리프 호텔 앤 네이처,제주,서귀포시,"스위트 호텔 제주, 제주 신라 호텔, 그랜드 조선 제주, 블룸 호텔",263604,297748,250,1,1,1,1,1,1,1,1,1,1,0,4,1,0,12.48220705,12.60400613,5.525452939,1.609437912,1.072952988,1.105979037,0.406974866,0,1.290995889,1.310220982,0.697685639,0.137443936
스위트 호텔 제주,제주,서귀포시,"히든 클리프 호텔 앤 네이처, 제주 신라 호텔, 그랜드 조선 제주, 파르나스 호텔 제주, 블룸 호텔",209336,250179,90,1,1,1,1,1,1,1,1,1,1,1,5,1,0,12.25170067,12.42993594,4.510859507,1.791759469,0.807729597,0.903628595,-0.30029918,0.0747324,0.903334439,1.022593815,-0.339915286,0.295792384
제주 신라 호텔,제주,서귀포시,"히든 클리프 호텔 앤 네이처, 스위트 호텔 제주, 그랜드 조선 제주, 파르나스 호텔 제주, 블룸 호텔",470924,521480,429,1,1,1,1,1,1,1,1,1,1,1,5,1,0,13.06245412,13.16442812,6.063785209,1.791759469,1.740592203,1.757449787,0.782246802,0.0747324,2.26684491,2.23624162,1.248225434,0.295792384
롯데호텔 제주,제주,제주시,"엠버시티호텔(구.아이비호텔), 엠버호텔, 롯데시티호텔 제주, 신라스테이제주, 어반아일랜드호텔, 호텔 시리우스, 그랜드하얏트 제주, 베스트웨스턴 제주호텔, 신신호텔 제주공항, 베스트웨스턴 제주, 제주 센트럴 시티, 글로스터 제주, 호텔위드제주, 노형호텔, 호텔 위드스테이 제주, 위드시티호텔, 아시아호텔 제주, 호텔 앨리스 앤 트렁크, 호텔 레오 제주, 호텔 스카이파크 제주 1호점, 어반스테이 제주연동, 벤티모 호텔 앤 레지던스 제주",453097,474860,500,1,1,1,1,1,1,1,1,1,1,1,22,0,1,13.02386372,13.07077741,6.216606101,3.135494216,1.696189618,1.648584147,0.888778392,0.625520383,2.201944261,2.081496637,1.404511779,1.462842045
WE 호텔 제주,제주,서귀포시,없음,257843,299299,103,1,1,1,1,1,1,1,1,1,1,0,0,1,0,12.46011003,12.60920169,4.644390899,0,1.047527893,1.112018698,-0.207214319,-0.659697953,1.253833522,1.318805942,-0.203355861,-1.260372095
그랜드 조선 제주,제주,서귀포시,"히든 클리프 호텔 앤 네이처, 스위트 호텔 제주, 제주 신라 호텔, 파르나스 호텔 제주, 블룸 호텔",464753,530672,248,1,1,1,1,1,1,1,1,1,1,1,5,1,0,13.04926351,13.18190129,5.517452896,1.791759469,1.725414927,1.777761732,0.401398028,0.0747324,2.244661177,2.265113645,0.689504182,0.295792384
메이더호텔,제주,제주시,없음,50694,62194,53,1,1,1,1,0,1,0,0,1,1,0,0,0,1,10.83358257,11.03802989,3.988984047,0,-0.823974035,-0.714412974,-0.664099059,-0.659697953,-1.481630908,-1.277340427,-0.873625088,-1.260372095
라마다프라자제주호텔,제주,제주시,"라마다프라자제주, 제주 리젠트마린 더 블루, 휘슬락, 오션 스위츠 제주 호텔",194209,243414,400,1,1,1,1,1,1,0,1,1,1,0,4,0,1,12.17669533,12.40252308,5.993961427,1.609437912,0.72142755,0.871762122,0.733572578,0,0.777191807,0.977297827,1.176818289,0.137443936
오션그랜드호텔,제주,제주시,라마다제주함덕,93748,96703,74,1,1,1,1,0,0,0,0,1,1,0,1,0,1,11.44837628,11.47941005,4.317488114,0.693147181,-0.116585047,-0.201324148,-0.435098562,-0.375581509,-0.447681979,-0.548020128,-0.537671678,-0.658365498
엠버시티호텔(구.아이비호텔),제주,제주시,"롯데호텔 제주, 엠버호텔, 롯데시티호텔 제주, 신라스테이제주, 호텔더원, 그랜드하얏트 제주, 베스트웨스턴 제주호텔, 베스트웨스턴 제주, 제주 센트럴 시티, 호텔위드제주, 노형호텔, 호텔 위드스테이 제주, 위드시티호텔, 아시아호텔 제주, 호텔 레오 제주, 어반스테이 제주연동",100432,78848,50,0,0,1,1,0,0,0,0,0,0,0,16,0,1,11.51724612,11.27528991,3.931825633,2.833213344,-0.0373425865,-0.438606589,-0.703944244,0.501617453,-0.331857929,-0.885300716,-0.932079658,1.200307501
엠버호텔,제주,제주시,"롯데호텔 제주, 엠버시티호텔(구.아이비호텔), 롯데시티호텔 제주, 신라스테이제주, 호텔더원, 어반아일랜드호텔, 호텔 시리우스, 그랜드하얏트 제주, 베스트웨스턴 제주호텔, 신신호텔 제주공항, 베스트웨스턴 제주, 제주 센트럴 시티, 글로스터 제주, 호텔위드제주, 노형호텔, 호텔 위드스테이 제주, 위드시티호텔, 아시아호텔 제주, 호텔 앨리스 앤 트렁크, 호텔 레오 제주, 호텔 스카이파크 제주 1호점, 어반스테이 제주연동, 벤티모 호텔 앤 레지던스 제주",96904,100881,67,0,1,0,1,0,0,0,0,0,1,0,23,0,1,11.4814864,11.5217068,4.219507705,3.17805383,-0.078488149,-0.152155671,-0.503400798,0.642965288,-0.391997981,-0.478130537,-0.637873945,1.499805578
롯데시티호텔 제주,제주,제주시,"롯데호텔 제주, 엠버시티호텔(구.아이비호텔), 엠버호텔, 신라스테이제주, 호텔더원, 어반아일랜드호텔, 호텔 시리우스, 그랜드하얏트 제주, 베스트웨스턴 제주호텔, 신신호텔 제주공항, 베스트웨스턴 제주, 제주 센트럴 시티, 글로스터 제주, 호텔위드제주, 노형호텔, 호텔 위드스테이 제주, 위드시티호텔, 아시아호텔 제주, 호텔 앨리스 앤 트렁크, 호텔 레오 제주, 호텔 스카이파크 제주 1호점, 어반스테이 제주연동, 벤티모 호텔 앤 레지던스 제주",159906,184097,255,1,1,1,1,1,1,1,1,1,1,0,23,0,1,11.98234768,12.1232235,5.545177444,3.17805383,0.497808821,0.547086234,0.420724837,0.642965288,0.450341447,0.515793496,0.717857428,1.499805578
그라벨호텔,제주,제주시,없음,137810,157521,139,1,1,1,1,0,1,0,0,1,1,0,0,0,1,11.83363846,11.96732041,4.941642423,0,0.326702222,0.3658544,0,-0.659697953,0.200244983,0.258184971,0.100636306,-1.260372095
아이진호텔,제주,제주시,"신라스테이제주, 호텔더원, 어반아일랜드호텔, 제주 센트럴 시티, 글로스터 제주, 아시아호텔 제주, 호텔 앨리스 앤 트렁크, 호텔 스카이파크 제주 1호점, 어반스테이 제주연동",115171,108323,75,1,1,1,1,0,0,0,0,1,1,0,9,0,1,11.65418194,11.59288202,4.33073334,2.302585093,0.120217409,-0.0694169953,-0.425865302,0.284116444,-0.101561739,-0.360523229,-0.524126095,0.739450533
아스타호텔,제주,제주시,알리바호텔,96779,105350,130,1,1,1,1,1,0,0,1,1,1,0,1,0,1,11.48019564,11.56505291,4.875197323,0.693147181,-0.0799733081,-0.101767344,-0.0463189419,-0.375581509,-0.39416875,-0.406507014,0.03268446,-0.658365498
신라스테이제주,제주,제주시,"롯데호텔 제주, 엠버시티호텔(구.아이비호텔), 엠버호텔, 롯데시티호텔 제주, 아이진호텔, 호텔더원, 어반아일랜드호텔, 호텔 시리우스, 그랜드하얏트 제주, 베스트웨스턴 제주호텔, 신신호텔 제주공항, 베스트웨스턴 제주, 제주 센트럴 시티, 글로스터 제주, 호텔위드제주, 호텔 위드스테이 제주, 위드시티호텔, 아시아호텔 제주, 호텔 앨리스 앤 트렁크, 호텔 레오 제주, 호텔 스카이파크 제주 1호점, 어반스테이 제주연동, 벤티모 호텔 앤 레지던스 제주",130910,152108,301,1,1,1,1,1,0,0,0,1,1,0,23,0,1,11.78227298,11.93235265,5.710427017,3.17805383,0.267600489,0.325205613,0.535920471,0.642965288,0.113859452,0.20040553,0.886854293,1.499805578
베니키아호텔제주(구. 뉴베니키아호텔제주),제주,제주시,"올레리조트, 수앤수리조트(구.수앤수가족호텔)",96537,88096,188,1,1,1,1,0,1,0,0,1,1,0,2,0,1,11.47769199,11.38619376,5.241747015,1.098612289,-0.0828540355,-0.309684785,0.209203197,-0.209384044,-0.39837934,-0.702047284,0.407546239,-0.306214213
호텔더원,제주,제주시,"엠버시티호텔(구.아이비호텔), 엠버호텔, 롯데시티호텔 제주, 아이진호텔, 신라스테이제주, 어반아일랜드호텔, 그랜드하얏트 제주, 제주 센트럴 시티, 글로스터 제주, 호텔위드제주, 호텔 위드스테이 제주, 위드시티호텔, 아시아호텔 제주, 호텔 앨리스 앤 트렁크, 호텔 레오 제주, 호텔 스카이파크 제주 1호점, 어반스테이 제주연동",80969,102705,180,1,1,1,1,1,0,0,0,1,1,0,17,0,1,11.30183399,11.53962582,5.198497031,2.890371758,-0.285198348,-0.131325443,0.179053592,0.525046309,-0.694134135,-0.448521808,0.363315494,1.249950265
탐라스테이,제주,제주시,없음,103197,133900,116,1,0,0,0,0,0,0,0,0,0,0,0,0,1,11.54440475,11.804856,4.762173935,0,-0.00609353726,0.176995267,-0.125107653,-0.659697953,-0.286183029,-0.0102652309,-0.0829019104,-1.260372095
어반아일랜드호텔,제주,제주시,"롯데호텔 제주, 엠버호텔, 롯데시티호텔 제주, 아이진호텔, 신라스테이제주, 호텔더원, 호텔 시리우스, 신신호텔 제주공항, 제주 센트럴 시티, 글로스터 제주, 아시아호텔 제주, 호텔 앨리스 앤 트렁크, 호텔 레오 제주, 호텔 스카이파크 제주 1호점, 어반스테이 제주연동, 벤티모 호텔 앤 레지던스 제주",67153,86798,70,1,1,1,1,0,0,0,0,0,1,0,16,0,1,11.11474377,11.37135038,4.262679877,2.833213344,-0.500466597,-0.326939689,-0.473305436,0.501617453,-1.008779089,-0.726573937,-0.593722777,1.200307501
호텔 시리우스,제주,제주시,"롯데호텔 제주, 엠버호텔, 롯데시티호텔 제주, 신라스테이제주, 어반아일랜드호텔, 신신호텔 제주공항, 제주 센트럴 시티, 글로스터 제주, 아시아호텔 제주, 호텔 앨리스 앤 트렁크, 호텔 레오 제주, 호텔 스카이파크 제주 1호점, 어반스테이 제주연동, 벤티모 호텔 앤 레지던스 제주",118831,134684,280,1,1,1,1,1,1,0,0,1,0,0,14,0,1,11.68546601,11.810694,5.638354669,2.708050201,0.156213231,0.183781733,0.485678769,0.450313909,-0.0489487606,-0.000618738666,0.813147592,1.091601818
그랜드하얏트 제주,제주,제주시,"롯데호텔 제주, 엠버시티호텔(구.아이비호텔), 엠버호텔, 롯데시티호텔 제주, 신라스테이제주, 호텔더원, 베스트웨스턴 제주호텔, 베스트웨스턴 제주, 제주 센트럴 시티, 호텔위드제주, 노형호텔, 호텔 위드스테이 제주, 위드시티호텔, 아시아호텔 제주, 호텔 레오 제주, 어반스테이 제주연동",450143,462907,750,1,1,1,0,1,1,1,1,1,1,0,16,0,1,13.01732281,13.04528361,6.621405652,2.833213344,1.688663574,1.618948506,1.170964543,0.501617453,2.190943884,2.039371623,1.818490792,1.200307501
다인리조트,제주,제주시,"올레리조트, 수앤수리조트(구.수앤수가족호텔)",114866,123583,91,1,1,1,1,0,1,0,0,1,1,0,2,0,1,11.65153022,11.72467637,4.521788577,1.098612289,0.117166302,0.0837892776,-0.292680515,-0.209384044,-0.106021364,-0.142751103,-0.328738382,-0.306214213
올레리조트,제주,제주시,"베니키아호텔제주(구. 뉴베니키아호텔제주), 다인리조트, 수앤수리조트(구.수앤수가족호텔)",240625,240786,53,1,1,1,1,0,1,1,0,1,1,0,3,0,1,12.39099914,12.391668,3.988984047,1.386294361,0.968008077,0.859143475,-0.664099059,-0.0914650655,1.137604078,0.959361293,-0.873625088,-0.0563589005
베스트웨스턴 제주호텔,제주,제주시,"롯데호텔 제주, 엠버시티호텔(구.아이비호텔), 엠버호텔, 롯데시티호텔 제주, 신라스테이제주, 그랜드하얏트 제주, 신신호텔 제주공항, 베스트웨스턴 제주, 제주 센트럴 시티, 호텔위드제주, 노형호텔, 호텔 위드스테이 제주, 위드시티호텔, 아시아호텔 제주, 호텔 레오 제주, 호텔 스카이파크 제주 1호점, 어반스테이 제주연동",92752,117626,363,1,1,1,1,1,0,0,0,1,1,0,17,0,1,11.43769532,11.67527388,5.897153868,2.890371758,-0.128874679,0.0263606345,0.666087936,0.525046309,-0.465645011,-0.224381949,1.077815467,1.249950265
에코그린리조트(구.에코패밀리호텔),제주,제주시,없음,337526,374804,104,1,1,1,1,0,1,1,1,1,1,0,0,0,1,12.72940079,12.83416117,4.65396035,0,1.357377053,1.373526135,-0.200543446,-0.659697953,1.706721838,1.690520687,-0.193569407,-1.260372095
수앤수리조트(구.수앤수가족호텔),제주,제주시,"베니키아호텔제주(구. 뉴베니키아호텔제주), 다인리조트, 올레리조트",112439,113305,40,1,1,1,1,0,1,0,0,1,1,0,3,0,1,11.63017503,11.6378474,3.713572067,1.386294361,0.0925947633,-0.0171463224,-0.856089012,-0.0914650655,-0.141936138,-0.286224081,-1.155282465,-0.0563589005
그린트리인 서귀포(그랜드밀리언스),제주,서귀포시,"이스턴 호텔 제주, 신신호텔 제주월드컵",45233,56642,305,1,1,1,0,0,0,0,0,1,1,0,2,1,0,10.7196043,10.94452369,5.723585102,1.098612289,-0.955118794,-0.823110621,0.545092985,-0.209384044,-1.673317498,-1.431846619,0.900310758,-0.306214213
더베스트제주성산,제주,서귀포시,"브라운 스위트 제주, 골든튤립제주성산, 코델리아s 호텔 앤 리조트, 플레이스 캠프 제주",76811,83605,273,1,1,1,0,1,1,0,0,1,1,0,4,1,0,11.24911616,11.33387057,5.613128106,1.609437912,-0.345856122,-0.370508646,0.468093308,0,-0.78279404,-0.788504198,0.787348977,0.137443936
골든데이지호텔서귀포오션,제주,서귀포시,"오션팰리스, 호텔 케니 서귀포, 신신호텔 서귀포점, 카사로마 호텔, 제주 노블피아 호텔, 헤이, 서귀포, 신신호텔 천지연",67719,73330,281,1,0,1,1,0,0,0,0,1,1,0,8,1,0,11.12313684,11.20273872,5.641907071,2.197224577,-0.490809433,-0.522944784,0.488155152,0.240929865,-0.99466378,-1.005181631,0.81678055,0.647943668
이스턴 호텔 제주,제주,서귀포시,"그린트리인 서귀포(그랜드밀리언스), 신신호텔 제주월드컵",53276,63877,205,1,1,0,0,1,0,0,0,1,1,0,2,1,0,10.88326,11.06473029,5.327876169,1.098612289,-0.766814589,-0.683374699,0.269243911,-0.209384044,-1.398084303,-1.233221664,0.495628506,-0.306214213
라마다제주시티,제주,제주시,없음,99725,132697,357,1,1,1,1,1,0,0,0,1,1,0,0,0,1,11.5101817,11.79583115,5.880532986,0,-0.0454709847,0.166504197,0.654501504,-0.659697953,-0.343738731,-0.0251775625,1.060817681,-1.260372095
라마다제주함덕,제주,제주시,오션그랜드호텔,119826,141779,300,1,1,1,1,1,0,0,0,1,0,1,1,0,1,11.69380431,11.86203184,5.707110265,0.693147181,0.165807384,0.243460159,0.53360836,-0.375581509,-0.0349255503,0.0842100186,0.883462328,-0.658365498
라마다프라자제주,제주,제주시,"라마다프라자제주호텔, 제주 리젠트마린 더 블루, 휘슬락, 오션 스위츠 제주 호텔",201093,243578,400,1,1,1,1,1,1,0,1,1,1,0,4,0,1,12.21152774,12.4031966,5.993961427,1.609437912,0.76150614,0.872545065,0.733572578,0,0.835772328,0.978410726,1.176818289,0.137443936
신신호텔 제주공항,제주,제주시,"롯데호텔 제주, 엠버호텔, 롯데시티호텔 제주, 신라스테이제주, 어반아일랜드호텔, 호텔 시리우스, 베스트웨스턴 제주호텔, 베스트웨스턴 제주, 제주 센트럴 시티, 글로스터 제주, 호텔위드제주, 호텔 위드스테이 제주, 위드시티호텔, 아시아호텔 제주, 호텔 앨리스 앤 트렁크, 호텔 레오 제주, 호텔 스카이파크 제주 1호점, 어반스테이 제주연동, 벤티모 호텔 앤 레지던스 제주",106753,104896,209,1,1,1,1,0,0,0,0,1,1,0,19,0,1,11.5782824,11.5607342,5.347107531,2.995732274,0.0328864905,-0.106787699,0.282650112,0.568232888,-0.229208213,-0.413643101,0.515295969,1.34145713
제주 리젠트마린 더 블루,제주,제주시,"라마다프라자제주호텔, 라마다프라자제주, 휘슬락, 오션 스위츠 제주 호텔",95707,114704,327,1,1,1,1,0,1,0,0,1,1,0,4,0,1,11.46905717,11.65011889,5.793013608,1.609437912,-0.0927893668,-0.00288114707,0.593491663,0,-0.41290123,-0.26594712,0.971313664,0.137443936
베스트웨스턴 제주,제주,제주시,"롯데호텔 제주, 엠버시티호텔(구.아이비호텔), 엠버호텔, 롯데시티호텔 제주, 신라스테이제주, 그랜드하얏트 제주, 베스트웨스턴 제주호텔, 신신호텔 제주공항, 제주 센트럴 시티, 호텔위드제주, 노형호텔, 호텔 위드스테이 제주, 위드시티호텔, 아시아호텔 제주, 호텔 레오 제주, 호텔 스카이파크 제주 1호점, 어반스테이 제주연동",86580,110124,363,1,1,1,1,1,0,0,0,1,1,0,17,0,1,11.36883567,11.60937136,5.897153868,2.890371758,-0.208105419,-0.0502487111,0.666087936,0.525046309,-0.58145193,-0.333276838,1.077815467,1.249950265
브라운 스위트 제주,제주,서귀포시,"더베스트제주성산, 골든튤립제주성산, 코델리아s 호텔 앤 리조트, 플레이스 캠프 제주",112093,92545,215,1,0,1,0,0,0,0,0,0,1,0,4,1,0,11.62709308,11.4354611,5.375278408,1.609437912,0.0890486452,-0.252413247,0.302288057,0,-0.14711929,-0.620639751,0.544105665,0.137443936
제주 센트럴 시티,제주,제주시,"롯데호텔 제주, 엠버시티호텔(구.아이비호텔), 엠버호텔, 롯데시티호텔 제주, 아이진호텔, 신라스테이제주, 호텔더원, 어반아일랜드호텔, 호텔 시리우스, 그랜드하얏트 제주, 베스트웨스턴 제주호텔, 신신호텔 제주공항, 베스트웨스턴 제주, 글로스터 제주, 호텔위드제주, 노형호텔, 호텔 위드스테이 제주, 위드시티호텔, 아시아호텔 제주, 호텔 앨리스 앤 트렁크, 호텔 레오 제주, 호텔 스카이파크 제주 1호점, 어반스테이 제주연동",93712,120172,240,1,1,0,0,0,0,0,0,1,1,0,23,0,1,11.4479922,11.69668765,5.484796933,3.17805383,-0.117026972,0.0512533854,0.378633526,0.642965288,-0.448327914,-0.188998624,0.656107694,1.499805578
골든튤립제주성산,제주,서귀포시,"더베스트제주성산, 브라운 스위트 제주, 코델리아s 호텔 앤 리조트, 플레이스 캠프 제주",104241,103271,252,1,1,1,0,0,1,0,0,1,1,0,4,1,0,11.5544704,11.54512156,5.533389489,1.609437912,0.00548811538,-0.124936832,0.412507442,0,-0.269254808,-0.439440839,0.705802162,0.137443936
오션팰리스,제주,서귀포시,"골든데이지호텔서귀포오션, 호텔 케니 서귀포, 신신호텔 서귀포점, 카사로마 호텔, 파크 선샤인 제주, 제주 노블피아 호텔, 호텔 화인, 헤이, 서귀포, 신신호텔 천지연",93738,90235,257,1,1,1,1,0,0,0,0,0,1,0,10,1,0,11.4482696,11.41018374,5.552959585,2.397895273,-0.116707787,-0.281797281,0.426149775,0.323183456,-0.447861381,-0.662407125,0.725816041,0.822228562
코업시티성산,제주,서귀포시,없음,99568,110051,191,1,1,1,1,0,0,0,0,1,1,0,0,1,0,11.50860615,11.60870826,5.257495372,0,-0.0472838361,-0.0510195447,0.220181391,-0.659697953,-0.346388469,-0.334372525,0.423651715,-1.260372095
글로스터 제주,제주,제주시,"롯데호텔 제주, 엠버호텔, 롯데시티호텔 제주, 아이진호텔, 신라스테이제주, 호텔더원, 어반아일랜드호텔, 호텔 시리우스, 신신호텔 제주공항, 제주 센트럴 시티, 호텔위드제주, 호텔 위드스테이 제주, 위드시티호텔, 아시아호텔 제주, 호텔 앨리스 앤 트렁크, 호텔 레오 제주, 호텔 스카이파크 제주 1호점, 어반스테이 제주연동, 벤티모 호텔 앤 레지던스 제주",90516,99111,464,1,1,1,1,0,0,0,0,1,1,0,19,0,1,11.41329296,11.5040058,6.142037406,2.995732274,-0.156952334,-0.17273245,0.836796483,0.568232888,-0.506684471,-0.507379006,1.328252122,1.34145713
호텔위드제주,제주,제주시,"롯데호텔 제주, 엠버시티호텔(구.아이비호텔), 엠버호텔, 롯데시티호텔 제주, 신라스테이제주, 호텔더원, 그랜드하얏트 제주, 베스트웨스턴 제주호텔, 신신호텔 제주공항, 베스트웨스턴 제주, 제주 센트럴 시티, 글로스터 제주, 노형호텔, 호텔 위드스테이 제주, 위드시티호텔, 아시아호텔 제주, 호텔 앨리스 앤 트렁크, 호텔 레오 제주, 호텔 스카이파크 제주 1호점, 어반스테이 제주연동",77057,78603,295,1,1,1,1,0,0,0,0,0,1,0,20,0,1,11.25231366,11.27217787,5.690359454,3.044522438,-0.342177032,-0.442224228,0.521931354,0.588231653,-0.777416531,-0.89044294,0.866331667,1.38383197
휘슬락,제주,제주시,"라마다프라자제주호텔, 라마다프라자제주, 제주 리젠트마린 더 블루, 오션 스위츠 제주 호텔",94598,115274,349,1,1,0,1,1,1,0,0,1,1,0,4,0,1,11.45740218,11.65507586,5.857933154,1.609437912,-0.106199731,0.00288114707,0.63874714,0,-0.432502372,-0.257756417,1.037705363,0.137443936
호텔 케니 서귀포,제주,서귀포시,"골든데이지호텔서귀포오션, 오션팰리스, 신신호텔 서귀포점, 카사로마 호텔, 제주 노블피아 호텔, 헤이, 서귀포, 신신호텔 천지연",49602,50343,324,1,1,1,0,0,0,0,0,1,1,0,8,1,0,10.81180659,10.82663473,5.783825182,2.197224577,-0.849029727,-0.960152378,0.587086402,0.240929865,-1.518253341,-1.626642004,0.961916876,0.647943668
엠버리조트,제주,제주시,없음,398731,512482,20,1,1,1,0,1,0,0,1,1,1,0,0,0,1,12.89604479,13.14702282,3.044522438,0,1.549119636,1.73721674,-1.322484144,-0.659697953,1.986980707,2.207481742,-1.839503841,-1.260372095
알리바호텔,제주,제주시,아스타호텔,62267,53700,28,1,1,0,1,0,0,0,0,0,0,0,1,0,1,11.03920293,10.8911869,3.36729583,0.693147181,-0.587384789,-0.885112755,-1.097478506,-0.375581509,-1.135822305,-1.519978366,-1.509411057,-0.658365498
노형호텔,제주,제주시,"롯데호텔 제주, 엠버시티호텔(구.아이비호텔), 엠버호텔, 롯데시티호텔 제주, 그랜드하얏트 제주, 베스트웨스턴 제주호텔, 베스트웨스턴 제주, 제주 센트럴 시티, 호텔위드제주, 호텔 위드스테이 제주, 위드시티호텔, 아시아호텔 제주",75777,75197,48,1,0,0,0,0,0,0,0,0,1,0,12,0,1,11.23556329,11.22787991,3.891820298,2.564949357,-0.36145021,-0.493719033,-0.731832,0.39165782,-0.805587003,-0.963639246,-0.972992177,0.967317028
호텔 위드스테이 제주,제주,제주시,"롯데호텔 제주, 엠버시티호텔(구.아이비호텔), 엠버호텔, 롯데시티호텔 제주, 신라스테이제주, 호텔더원, 그랜드하얏트 제주, 베스트웨스턴 제주호텔, 신신호텔 제주공항, 베스트웨스턴 제주, 제주 센트럴 시티, 글로스터 제주, 호텔위드제주, 노형호텔, 위드시티호텔, 아시아호텔 제주, 호텔 앨리스 앤 트렁크, 호텔 레오 제주, 호텔 스카이파크 제주 1호점, 어반스테이 제주연동",64612,82061,50,1,1,1,1,0,0,0,0,0,0,0,20,0,1,11.07617091,11.31523034,3.931825633,3.044522438,-0.544848991,-0.392177253,-0.703944244,0.588231653,-1.073650227,-0.819304625,-0.932079658,1.38383197
위드시티호텔,제주,제주시,"롯데호텔 제주, 엠버시티호텔(구.아이비호텔), 엠버호텔, 롯데시티호텔 제주, 신라스테이제주, 호텔더원, 그랜드하얏트 제주, 베스트웨스턴 제주호텔, 신신호텔 제주공항, 베스트웨스턴 제주, 제주 센트럴 시티, 글로스터 제주, 호텔위드제주, 노형호텔, 호텔 위드스테이 제주, 아시아호텔 제주, 호텔 앨리스 앤 트렁크, 호텔 레오 제주, 호텔 스카이파크 제주 1호점, 어반스테이 제주연동",59231,79338,93,1,0,0,1,0,0,0,0,0,0,0,20,0,1,10.98921722,11.28148509,4.543294782,3.044522438,-0.644898948,-0.431404911,-0.277688519,0.588231653,-1.219887373,-0.875064029,-0.30674449,1.38383197
아시아호텔 제주,제주,제주시,"롯데호텔 제주, 엠버시티호텔(구.아이비호텔), 엠버호텔, 롯데시티호텔 제주, 아이진호텔, 신라스테이제주, 호텔더원, 어반아일랜드호텔, 호텔 시리우스, 그랜드하얏트 제주, 베스트웨스턴 제주호텔, 신신호텔 제주공항, 베스트웨스턴 제주, 제주 센트럴 시티, 글로스터 제주, 호텔위드제주, 노형호텔, 호텔 위드스테이 제주, 위드시티호텔, 호텔 앨리스 앤 트렁크, 호텔 레오 제주, 호텔 스카이파크 제주 1호점, 어반스테이 제주연동",75509,88410,352,1,0,0,1,0,0,0,0,0,0,0,23,0,1,11.23202038,11.38975168,5.866468057,3.17805383,-0.365526731,-0.305548833,0.644696828,0.642965288,-0.811545413,-0.696168314,1.046433807,1.499805578
해비치 호텔 & 리조트,제주,서귀포시,없음,372464,432991,503,1,1,1,1,1,1,1,1,1,1,1,0,1,0,12.82789835,12.97847453,6.222576268,0,1.47070953,1.541285315,0.892940201,-0.659697953,1.872373261,1.928978765,1.410617329,-1.260372095
휘닉스 제주 섭지코지,제주,서귀포시,없음,383738,469491,300,1,1,1,1,0,1,1,1,1,1,1,0,1,0,12.85771791,13.05940654,5.707110265,0,1.505020272,1.635365912,0.53360836,-0.659697953,1.922523258,2.06270783,0.883462328,-1.260372095
베니키아 중문 호텔,제주,서귀포시,중문 썬라이즈호텔,89092,106694,45,1,1,1,1,0,0,0,0,1,1,0,1,1,0,11.39743605,11.57772958,3.828641396,0.693147181,-0.175197485,-0.0870311702,-0.775874073,-0.375581509,-0.533352335,-0.385560561,-1.037603759,-0.658365498
빠레브 호텔 제주,제주,서귀포시,제주 웨스턴그레이스 강정,120024,122193,204,1,1,1,1,1,0,1,1,1,1,0,1,1,0,11.69545533,11.71336522,5.323009979,0.693147181,0.167707066,0.070640476,0.265851686,-0.375581509,-0.0321488973,-0.161441215,0.490651968,-0.658365498
제주 골드원 호텔 스위트,제주,서귀포시,돔베리조트,272320,276777,51,1,1,1,1,1,1,0,0,1,1,0,1,1,0,12.5147368,12.53097102,3.951243719,0.693147181,1.110382103,1.021078305,-0.690407878,-0.375581509,1.345703828,1.18954046,-0.912221237,-0.658365498
호텔 토스카나,제주,서귀포시,없음,361580,346852,97,1,1,1,1,1,1,0,1,1,1,0,0,1,0,12.79824136,12.75665634,4.584967479,0,1.436585842,1.283429508,-0.248638442,-0.659697953,1.822496671,1.56245456,-0.2641268,-1.260372095
오션 스위츠 제주 호텔,제주,제주시,"라마다프라자제주호텔, 라마다프라자제주, 제주 리젠트마린 더 블루, 휘슬락",127521,142130,350,1,1,1,1,1,0,0,0,1,0,0,4,0,1,11.75604418,11.86450445,5.860786223,1.609437912,0.237421314,0.246334478,0.640736017,0,0.0697483237,0.0882956634,1.040623129,0.137443936
호텔 앨리스 앤 트렁크,제주,제주시,"롯데호텔 제주, 엠버호텔, 롯데시티호텔 제주, 아이진호텔, 신라스테이제주, 호텔더원, 어반아일랜드호텔, 호텔 시리우스, 신신호텔 제주공항, 제주 센트럴 시티, 글로스터 제주, 호텔위드제주, 호텔 위드스테이 제주, 위드시티호텔, 아시아호텔 제주, 호텔 레오 제주, 호텔 스카이파크 제주 1호점, 어반스테이 제주연동, 벤티모 호텔 앤 레지던스 제주",103676,134091,80,1,0,1,0,0,0,0,0,1,1,0,19,0,1,11.54903558,11.80628141,4.394449155,2.995732274,-0.000765255874,0.178652257,-0.381448947,0.568232888,-0.278394993,-0.00790993493,-0.458965425,1.34145713
호텔 레오 제주,제주,제주시,"롯데호텔 제주, 엠버시티호텔(구.아이비호텔), 엠버호텔, 롯데시티호텔 제주, 신라스테이제주, 호텔더원, 어반아일랜드호텔, 호텔 시리우스, 그랜드하얏트 제주, 베스트웨스턴 제주호텔, 신신호텔 제주공항, 베스트웨스턴 제주, 제주 센트럴 시티, 글로스터 제주, 호텔위드제주, 호텔 위드스테이 제주, 위드시티호텔, 아시아호텔 제주, 호텔 앨리스 앤 트렁크, 호텔 스카이파크 제주 1호점, 어반스테이 제주연동, 벤티모 호텔 앤 레지던스 제주",113133,115861,95,1,1,1,1,0,0,0,0,1,1,0,22,0,1,11.63632824,11.66015511,4.564348191,3.135494216,0.0996747212,0.0087855952,-0.263012167,0.625520383,-0.131587779,-0.249363652,-0.285213662,1.462842045
코델리아s 호텔 앤 리조트,제주,서귀포시,"더베스트제주성산, 브라운 스위트 제주, 골든튤립제주성산, 플레이스 캠프 제주",54557,52946,78,1,0,1,0,0,1,0,0,1,1,0,4,1,0,10.90701963,10.87704669,4.369447852,1.609437912,-0.739476466,-0.901550249,-0.398877379,0,-1.358125775,-1.543343128,-0.484533671,0.137443936
신신호텔 서귀포점,제주,서귀포시,"골든데이지호텔서귀포오션, 오션팰리스, 호텔 케니 서귀포, 카사로마 호텔, 파크 선샤인 제주, 제주 노블피아 호텔, 호텔 화인, 헤이, 서귀포, 신신호텔 천지연",78539,79890,222,1,1,1,1,0,0,0,0,1,1,0,10,1,0,11.27136333,11.28841848,5.407171771,2.397895273,-0.320258261,-0.423345085,0.324520951,0.323183456,-0.74537915,-0.863607543,0.576722261,0.822228562
파밀리아 호텔,제주,서귀포시,없음,84028,99966,28,1,1,1,1,0,0,0,0,1,1,0,0,1,0,11.33891726,11.51259541,3.36729583,0,-0.242529904,-0.162747334,-1.097478506,-0.659697953,-0.631768178,-0.493185855,-1.509411057,-1.260372095
돔베리조트,제주,서귀포시,제주 골드원 호텔 스위트,104687,101668,20,1,0,1,1,0,0,0,0,0,0,0,1,1,0,11.55873978,11.52947772,3.044522438,0.693147181,0.0104005139,-0.14312225,-1.322484144,-0.375581509,-0.262074644,-0.465290153,-1.839503841,-0.658365498
제주 일레인 호텔,제주,서귀포시,없음,91996,74121,42,1,0,1,1,0,0,0,0,0,1,0,0,1,0,11.42951125,11.21346766,3.761200116,0,-0.138291377,-0.510472765,-0.822887454,-0.659697953,-0.479408845,-0.987453517,-1.106574376,-1.260372095
제주 웨스턴그레이스 강정,제주,서귀포시,빠레브 호텔 제주,63105,62984,300,1,0,1,0,0,0,0,0,0,0,0,1,1,0,11.05257113,11.05065188,5.707110265,0.693147181,-0.572003176,-0.699740354,0.53360836,-0.375581509,-1.113339904,-1.256484312,0.883462328,-0.658365498
중문 썬라이즈호텔,제주,서귀포시,베니키아 중문 호텔,69272,76510,29,1,0,1,0,0,1,0,0,0,0,0,1,1,0,11.1458105,11.2451898,3.401197382,0.693147181,-0.464720846,-0.473596902,-1.073845702,-0.375581509,-0.956531625,-0.935037027,-1.474740735,-0.658365498
중문 리조트,제주,서귀포시,없음,84982,83498,48,1,1,1,0,0,1,0,0,1,0,0,0,1,0,11.35020652,11.33258993,3.891820298,0,-0.229540348,-0.371997336,-0.731832,-0.659697953,-0.612782106,-0.790620267,-0.972992177,-1.260372095
켄싱턴리조트 서귀포,제주,서귀포시,없음,213684,222314,246,1,1,1,1,0,1,0,0,1,0,0,0,1,0,12.27225825,12.31185057,5.509388337,0,0.831383388,0.766358534,0.395776216,-0.659697953,0.937907796,0.827473913,0.681256746,-1.260372095
금호 제주 리조트,제주,서귀포시,없음,204588,196893,242,1,1,1,1,0,1,1,1,1,0,0,0,1,0,12.22875837,12.19042079,5.493061443,0,0.781331907,0.625200706,0.384394723,-0.659697953,0.864750486,0.626827818,0.664559615,-1.260372095
켄싱턴리조트 제주한림,제주,제주시,없음,222088,238051,44,1,1,1,1,0,0,0,0,0,0,0,0,0,1,12.31083348,12.38024442,3.80666249,0,0.875768513,0.845863958,-0.79119559,-0.659697953,1.002782926,0.940485377,-1.060081071,-1.260372095
켄싱턴리조트 제주중문,제주,서귀포시,없음,270408,309145,52,1,0,1,1,0,1,0,0,0,0,1,0,1,0,12.50769091,12.64156894,3.970291914,0,1.102275018,1.149644473,-0.677129363,-0.659697953,1.333854178,1.37228838,-0.892741095,-1.260372095
소노캄 제주,제주,서귀포시,없음,250237,246118,331,1,1,1,1,0,1,1,1,1,0,0,0,1,0,12.43016774,12.41357044,5.805134969,0,1.013075941,0.88460428,0.601941474,-0.659697953,1.203477127,0.995552066,0.983709896,-1.260372095
썬 앤 문 리조트,제주,서귀포시,없음,237473,236643,20,1,0,1,1,0,1,1,1,1,1,1,0,1,0,12.37781342,12.37431218,3.044522438,0,0.952836434,0.838967944,-1.322484144,-0.659697953,1.115428578,0.93068317,-1.839503841,-1.260372095
와이리조트 제주,제주,서귀포시,없음,192030,197789,32,1,1,1,1,0,1,1,1,1,1,1,0,1,0,12.1654121,12.19496114,3.496507561,0,0.708444931,0.630478701,-1.007404885,-0.659697953,0.758215875,0.634330123,-1.377269248,-1.260372095
더 그랜드 섬오름,제주,서귀포시,없음,166830,207742,132,1,1,1,1,0,1,0,1,1,1,0,0,1,0,12.0247366,12.24405702,4.890349128,0,0.546582028,0.687550922,-0.0357566043,-0.659697953,0.521630378,0.71545434,0.0481798559,-1.260372095
호텔 스카이파크 제주 1호점,제주,제주시,"롯데호텔 제주, 엠버호텔, 롯데시티호텔 제주, 아이진호텔, 신라스테이제주, 호텔더원, 어반아일랜드호텔, 호텔 시리우스, 베스트웨스턴 제주호텔, 신신호텔 제주공항, 베스트웨스턴 제주, 제주 센트럴 시티, 글로스터 제주, 호텔위드제주, 호텔 위드스테이 제주, 위드시티호텔, 아시아호텔 제주, 호텔 앨리스 앤 트렁크, 호텔 레오 제주, 어반스테이 제주연동, 벤티모 호텔 앤 레지던스 제주",80098,93323,144,1,1,0,0,1,0,0,0,1,1,0,21,0,1,11.29101865,11.44383259,4.976733742,3.091042453,-0.297642614,-0.242681684,0.0244621924,0.6072999,-0.712323189,-0.606807007,0.136523376,1.424235159
파르나스 호텔 제주,제주,서귀포시,"스위트 호텔 제주, 제주 신라 호텔, 그랜드 조선 제주, 블룸 호텔",504225,601006,307,1,1,1,1,1,1,1,1,1,1,1,4,1,0,13.13077986,13.30636186,5.730099783,1.609437912,1.819208609,1.922442743,0.549634375,0,2.381753893,2.470767701,0.90697317,0.137443936
한림 리조트,제주,제주시,르메인 호텔 협재,101328,131943,93,1,1,1,1,0,1,0,0,1,0,0,1,0,1,11.52612793,11.79013287,4.543294782,0.693147181,-0.0271230697,0.159880148,-0.277688519,-0.375581509,-0.316920661,-0.0345931894,-0.30674449,-0.658365498
플레이스 캠프 제주,제주,서귀포시,"더베스트제주성산, 브라운 스위트 제주, 골든튤립제주성산, 코델리아s 호텔 앤 리조트",100822,95485,177,1,0,1,1,0,0,0,0,1,0,0,4,1,0,11.52112178,11.46673492,5.18178355,1.609437912,-0.0328831993,-0.216058535,0.167402608,0,-0.325339904,-0.568964041,0.346223009,0.137443936
호텔 스카브로,제주,서귀포시,없음,206546,201781,40,1,0,1,1,0,1,1,1,0,1,0,0,1,0,12.23828327,12.21494319,3.713572067,0,0.792291371,0.653707122,-0.856089012,-0.659697953,0.880769292,0.667347717,-1.155282465,-1.260372095
카사로마 호텔,제주,서귀포시,"골든데이지호텔서귀포오션, 오션팰리스, 호텔 케니 서귀포, 신신호텔 서귀포점, 파크 선샤인 제주, 제주 노블피아 호텔, 호텔 화인, 헤이, 서귀포, 신신호텔 천지연",125359,162639,100,1,1,1,1,1,1,0,0,1,1,0,10,1,0,11.73894488,11.99929445,4.615120517,2.397895273,0.217746654,0.403023089,-0.227618731,0.323183456,0.0409910295,0.311017693,-0.233289995,0.822228562
어반스테이 제주연동,제주,제주시,"롯데호텔 제주, 엠버시티호텔(구.아이비호텔), 엠버호텔, 롯데시티호텔 제주, 아이진호텔, 신라스테이제주, 호텔더원, 어반아일랜드호텔, 호텔 시리우스, 그랜드하얏트 제주, 베스트웨스턴 제주호텔, 신신호텔 제주공항, 베스트웨스턴 제주, 제주 센트럴 시티, 글로스터 제주, 호텔위드제주, 호텔 위드스테이 제주, 위드시티호텔, 아시아호텔 제주, 호텔 앨리스 앤 트렁크, 호텔 레오 제주, 호텔 스카이파크 제주 1호점, 벤티모 호텔 앤 레지던스 제주",84609,104162,67,1,0,1,0,0,0,0,0,0,0,0,23,0,1,11.34580774,11.55371226,4.219507705,3.17805383,-0.234601629,-0.114950452,-0.503400798,0.642965288,-0.620179884,-0.42524589,-0.637873945,1.499805578
벤티모 호텔 앤 레지던스 제주,제주,제주시,"롯데호텔 제주, 엠버호텔, 롯데시티호텔 제주, 신라스테이제주, 어반아일랜드호텔, 호텔 시리우스, 신신호텔 제주공항, 글로스터 제주, 호텔 앨리스 앤 트렁크, 호텔 레오 제주, 호텔 스카이파크 제주 1호점, 어반스테이 제주연동",105321,112950,89,1,0,1,1,1,0,0,0,0,0,0,12,0,1,11.5647776,11.63470938,4.49980967,2.564949357,0.0173477086,-0.0207941679,-0.308002031,0.39165782,-0.251920337,-0.291409241,-0.351215695,0.967317028
파크 선샤인 제주,제주,서귀포시,"오션팰리스, 신신호텔 서귀포점, 카사로마 호텔, 헤이, 서귀포, 신신호텔 천지연",117216,120502,105,1,1,1,1,0,0,0,0,1,1,1,6,1,0,11.6717822,11.69942993,4.663439094,1.945910149,0.140468472,0.0544411862,-0.193935805,0.137917744,-0.0719619497,-0.184467386,-0.183875718,0.429674089
제주 노블피아 호텔,제주,서귀포시,"골든데이지호텔서귀포오션, 오션팰리스, 호텔 케니 서귀포, 신신호텔 서귀포점, 카사로마 호텔, 호텔 화인, 헤이, 서귀포, 신신호텔 천지연",80023,81338,121,1,1,0,0,0,0,0,0,0,0,0,9,1,0,11.29008187,11.30638089,4.804021045,2.302585093,-0.298720484,-0.402464429,-0.0959359933,0.284116444,-0.713898648,-0.833927134,-0.0401058519,0.739450533
호텔 화인,제주,서귀포시,"오션팰리스, 신신호텔 서귀포점, 카사로마 호텔, 제주 노블피아 호텔, 헤이, 서귀포",175886,215425,1,1,0,1,1,0,0,0,0,0,0,0,6,1,0,12.07759702,12.28037274,0.693147181,1.945910149,0.607403858,0.729766668,-2.96163007,0.137917744,0.610530074,0.775461104,-4.244200208,0.429674089
"헤이, 서귀포",제주,서귀포시,"골든데이지호텔서귀포오션, 오션팰리스, 호텔 케니 서귀포, 신신호텔 서귀포점, 카사로마 호텔, 파크 선샤인 제주, 제주 노블피아 호텔, 호텔 화인, 신신호텔 천지연",55185,62954,139,1,0,1,1,0,0,0,0,1,1,0,9,1,0,10.91846458,11.05017546,4.941642423,2.302585093,-0.726307779,-0.700294172,0,0.284116444,-1.338877878,-1.257271527,0.100636306,0.739450533
신신호텔 천지연,제주,서귀포시,"골든데이지호텔서귀포오션, 오션팰리스, 호텔 케니 서귀포, 신신호텔 서귀포점, 카사로마 호텔, 파크 선샤인 제주, 제주 노블피아 호텔, 헤이, 서귀포",67509,75679,312,1,1,1,1,0,0,0,0,1,1,0,9,1,0,11.12003101,11.2342692,5.746203191,2.302585093,-0.494383029,-0.486291709,0.560860076,0.284116444,-0.999887095,-0.953081819,0.923441747,0.739450533
신신호텔 제주월드컵,제주,서귀포시,"그린트리인 서귀포(그랜드밀리언스), 이스턴 호텔 제주",61475,62272,243,1,1,1,1,1,0,0,0,1,1,0,2,1,0,11.02640213,11.03928322,5.497168225,1.098612289,-0.602113537,-0.712956017,0.387257565,-0.209384044,-1.15735045,-1.275269463,0.668759525,-0.306214213
호텔 케니 모슬포,제주,서귀포시,없음,66026,68079,189,1,0,1,1,0,0,0,0,1,0,0,0,1,0,11.09781903,11.12843876,5.247024072,0,-0.519940405,-0.609315855,0.212881838,-0.659697953,-1.037242811,-1.127952137,0.412942962,-1.260372095
담모라 리조트,제주,서귀포시,없음,67731,80255,58,1,1,0,0,0,1,0,0,1,0,0,0,1,0,11.12331402,11.2929768,4.077537444,0,-0.490605562,-0.418046199,-0.602368402,-0.659697953,-0.994365794,-0.856075543,-0.783063604,-1.260372095
산방산 호텔,제주,서귀포시,없음,103814,131314,67,1,1,1,0,0,0,0,0,1,1,0,0,1,0,11.55036575,11.7853543,4.219507705,0,0.000765255874,0.154325226,-0.503400798,-0.659697953,-0.276157934,-0.0424891276,-0.637873945,-1.260372095
블룸 호텔,제주,서귀포시,"히든 클리프 호텔 앤 네이처, 스위트 호텔 제주, 제주 신라 호텔, 그랜드 조선 제주, 파르나스 호텔 제주",114237,169389,70,1,1,1,0,1,1,0,0,1,1,1,5,1,0,11.64603927,12.03995903,4.262679877,1.791759469,0.110848354,0.450294225,-0.473305436,0.0747324,-0.115255937,0.378210345,-0.593722777,0.295792384
르메인 호텔 협재,제주,제주시,한림 리조트,165747,168519,16,1,0,1,0,0,0,1,1,0,0,1,1,0,1,12.01822384,12.03480972,2.833213344,0.693147181,0.539088367,0.444308332,-1.469787914,-0.375581509,0.510677334,0.369701813,-2.055604698,-0.658365498
