게시년월,대표키워드명,대표키워드언급수
2022-06,협재해수욕장,1713
2022-06,성산일출봉맛집,329
2022-06,산방산맛집,264
2022-06,용머리해안,255
2022-06,캠핑,251
2022-06,금악오름,200
2022-06,제주캠핑,119
2022-06,애월카페,112
2022-06,제주도관광지,77
2022-06,제주캠핑용품,67
2022-06,제주,48
2022-06,서귀포맛집,32
2022-06,제주도렌트카,26
2022-06,족은노꼬메오름,8
2022-06,jeju,6
2022-06,김희재,4
2022-06,산방산,4
2022-06,김녕미로공원,2
2022-06,대한민국청소년의회,2
2022-06,송당무끈모루카페,2
2022-06,수국축제,2
2022-06,스누피가든,2
2022-06,애월,2
2022-06,일출랜드,2
2022-06,그랑블루요트,1
2022-06,눈내리는섬,1
2022-06,사진놀이터,1
2022-06,제주포토존,1
2022-12,제주핫플,2364
2022-12,애월맛집,1751
2022-12,성산일출봉맛집,1043
2022-12,섭지코지,742
2022-12,산방산맛집,666
2022-12,제주도숙소,619
2022-12,산방산,455
2022-12,천지연폭포맛집,233
2022-12,금악오름,194
2022-12,캠핑,138
2022-12,무지개해안도로,123
2022-12,천지연폭포,90
2022-12,아르떼뮤지엄,87
2022-12,천제연폭포맛집,54
2022-12,제주도렌트카,27
2022-12,스누피가든,23
2022-12,제주캠핑용품대여,22
2022-12,제주도캠핑,15
2022-12,제주,12
2022-12,족은노꼬메오름,12
2022-12,용머리해안,7
2022-12,제주도겨울여행,6
2022-12,광치기해변,4
2022-12,에코랜드,4
2022-12,제주관광,4
2022-12,제주도관광,4
2022-12,제주오름,4
2022-12,제주차박,3
2022-12,목장카페드르쿰다,2
2022-12,늦은업뎃,1
2022-12,도르르김밥,1
2022-12,비자림,1
2022-12,선녀와나무꾼,1
2022-12,성산일출봉,1
2022-12,수풍석뮤지엄,1
2022-12,월정리해변,1
2022-12,제주벨미,1
2022-12,중문맛집,1
2022-12,협재해수욕장,1
2023-06,산방산맛집,6967
2023-06,성산일출봉맛집,4509
2023-06,산방산,2700
2023-06,섭지코지,2618
2023-06,새별오름,1933
2023-06,천지연폭포맛집,1227
2023-06,아르떼뮤지엄,1162
2023-06,제주구좌맛집,1102
2023-06,함덕해수욕장,893
2023-06,캠핑,788
2023-06,제주도숙소,607
2023-06,아쿠아플라넷제주,531
2023-06,스누피가든,426
2023-06,제주중문맛집,267
2023-06,비자림펜션,138
2023-06,제주차박용품대여,123
2023-06,제주도캠핑,97
2023-06,제주캠핑,93
2023-06,제주도렌트카,92
2023-06,제주오름,72
2023-06,반디파스타,55
2023-06,힙플레이스,41
2023-06,용머리해안,21
2023-06,제주,18
2023-06,제주카페추천,16
2023-06,비자림,12
2023-06,성산일출봉,12
2023-06,테디베어뮤지엄,8
2023-06,제주도카페추천,4
2023-06,금악오름,2
2023-06,폭포,2
2023-06,표선해수욕장,2
2023-06,도라지식당,1
2023-06,새별프렌즈,1
2023-06,수풍석박물관,1
2023-06,에코랜드,1
2023-06,제주신화월드,1
2023-06,폴더,1
2023-06,허브동산,1
2023-12,산방산맛집,5327
2023-12,성산일출봉맛집,3280
2023-12,서귀포맛집,1721
2023-12,아르떼뮤지엄,973
2023-12,제주한림맛집,595
2023-12,비자림맛집,490
2023-12,스누피,487
2023-12,제주김밥맛집,384
2023-12,산방산,263
2023-12,제주도캠핑,252
2023-12,새별오름,212
2023-12,카멜리아힐,212
2023-12,캠핑,176
2023-12,제주오름,140
2023-12,제주캠핑,84
2023-12,할인,65
2023-12,지식,57
2023-12,함덕해수욕장,26
2023-12,제주도2박3일여행,16
2023-12,제주차박,15
2023-12,승환이를위한제주맛집,8
2023-12,제주해수욕장,8
2023-12,테디베어뮤지엄,5
2023-12,제주도여행가볼만한곳,3
2023-12,제주,2
2023-12,판포포구,2
