게시년월,검색어명,검색어언급수
2022-06,성산일출봉,4325
2022-06,카멜리아힐,3921
2022-06,산방산,3452
2022-06,금오름,2404
2022-06,스누피가든,2372
2022-06,비자림,1754
2022-06,용머리해안,1510
2022-06,천지연폭포,1363
2022-06,제주관광,1048
2022-06,빛의벙커,921
2022-06,제주캠핑,914
2022-06,새별오름,891
2022-06,981파크,598
2022-06,천제연폭포,493
2022-06,제주도관광,360
2022-06,제주차박,330
2022-06,메이즈랜드,326
2022-06,제주도캠핑,266
2022-06,여미지식물원,246
2022-06,따라비오름,116
2022-06,제주도차박,89
2022-06,궷물오름,88
2022-06,제주실탄사격장,51
2022-06,테디베어뮤지엄제주,10
2022-12,성산일출봉,5093
2022-12,산방산,3176
2022-12,스누피가든,2198
2022-12,카멜리아힐,2060
2022-12,새별오름,1623
2022-12,비자림,1528
2022-12,금오름,1124
2022-12,천지연폭포,1117
2022-12,제주도관광,976
2022-12,용머리해안,932
2022-12,제주관광,932
2022-12,빛의벙커,770
2022-12,981파크,555
2022-12,제주캠핑,489
2022-12,천제연폭포,372
2022-12,여미지식물원,233
2022-12,제주도캠핑,210
2022-12,메이즈랜드,157
2022-12,따라비오름,147
2022-12,궷물오름,75
2022-12,제주차박,56
2022-12,제주도차박,29
2022-12,제주실탄사격장,19
2022-12,테디베어뮤지엄제주,3
2023-06,성산일출봉,26816
2023-06,산방산,24492
2023-06,스누피가든,12859
2023-06,비자림,11087
2023-06,금오름,10225
2023-06,용머리해안,9443
2023-06,카멜리아힐,8659
2023-06,새별오름,8197
2023-06,천지연폭포,7279
2023-06,제주관광,5872
2023-06,빛의벙커,4120
2023-06,제주캠핑,3440
2023-06,981파크,3217
2023-06,제주도관광,3049
2023-06,천제연폭포,2308
2023-06,메이즈랜드,1607
2023-06,제주도캠핑,1605
2023-06,여미지식물원,1551
2023-06,따라비오름,854
2023-06,제주차박,482
2023-06,궷물오름,449
2023-06,제주도차박,230
2023-06,제주실탄사격장,143
2023-06,테디베어뮤지엄제주,41
2023-12,성산일출봉,14564
2023-12,산방산,11327
2023-12,스누피가든,4488
2023-12,천지연폭포,4264
2023-12,금오름,4170
2023-12,비자림,3978
2023-12,용머리해안,3357
2023-12,981파크,2856
2023-12,제주관광,2822
2023-12,카멜리아힐,2515
2023-12,새별오름,2451
2023-12,빛의벙커,1474
2023-12,제주도캠핑,1335
2023-12,제주캠핑,1315
2023-12,제주도관광,1257
2023-12,천제연폭포,911
2023-12,따라비오름,849
2023-12,여미지식물원,514
2023-12,메이즈랜드,460
2023-12,궷물오름,297
2023-12,제주차박,236
2023-12,제주도차박,101
2023-12,제주실탄사격장,79
2023-12,테디베어뮤지엄제주,17
