,숙박업명,숙박업주소,숙박위도,숙박경도,구역,대분류명,중분류명,식당명,도시명,행정동명,식당주소,식당위도,식당경도,검색량합계값,제주도민매출금액비율,외지인매출금액비율,전체매출금액비율,숙박_식당 거리
48,라마다제주시티,제주특별자치도 제주시 중앙로 304,33.511128,126.525863,제주시,한식,가정식,진맛해장국,제주시,이도2동,제주 제주시 구남로 40,33.49032454,126.5346627,66813,3.05,0.1,0.38,2.4529253651124168
41,라마다제주시티,제주특별자치도 제주시 중앙로 304,33.511128,126.525863,제주시,한식,해장국,우경해장국,제주시,이도2동,제주 제주시 남광로2길 1,33.49217312,126.5374435,21445,1.2600000000000002,0.05,0.16,2.3654463030140396
6,라마다제주시티,제주특별자치도 제주시 중앙로 304,33.511128,126.525863,제주시,한식,단품요리 전문,다다,제주시,아라동,제주 제주시 신설로6길 2-3,33.49329798,126.5426077,6216,3.0,0.0,0.3,2.518193467768343
55,라마다제주시티,제주특별자치도 제주시 중앙로 304,33.511128,126.525863,제주시,한식,가정식,훈이네고사리육개장,제주시,이도2동,제주 제주시 구남로2길 19,33.48801458,126.5340906,4262,7.75,4.09,4.5600000000000005,2.6809369270324206
23,라마다제주시티,제주특별자치도 제주시 중앙로 304,33.511128,126.525863,제주시,베이커리.디저트,베이커리,빵귿,제주시,이도2동,제주 제주시 구남동6길 45-1,33.48710148,126.5351323,4245,45.61999999999999,2.67,6.959999999999999,2.806482407021363
9,라마다제주시티,제주특별자치도 제주시 중앙로 304,33.511128,126.525863,제주시,한식,가정식,대춘해장국시청점,제주시,이도2동,제주 제주시 동광로2길 9-1,33.50062149,126.5310197,3818,25.25,0.77,3.1599999999999997,1.2623217637326516
21,라마다제주시티,제주특별자치도 제주시 중앙로 304,33.511128,126.525863,제주시,베이커리.디저트,베이커리,블루메베이글,제주시,이도2동,제주 제주시 가령로4길 3,33.4966891,126.5331738,3658,23.45,2.8000000000000003,4.89,1.742765120722755
30,라마다제주시티,제주특별자치도 제주시 중앙로 304,33.511128,126.525863,제주시,한식,해장국,순풍해장국이도점,제주시,이도2동,제주 제주시 이도2동 1981-9,33.4892694,126.5400669,3655,13.920000000000002,0.3,1.63,2.7644633045918354
53,라마다제주시티,제주특별자치도 제주시 중앙로 304,33.511128,126.525863,제주시,카페,커피,풀바셋제주아라DT점,제주시,아라동,제주 제주시 중앙로 393,33.48748042,126.5412697,3551,83.91,1.6900000000000002,9.790000000000001,2.9925054834436757
25,라마다제주시티,제주특별자치도 제주시 중앙로 304,33.511128,126.525863,제주시,한식,가정식,산방식당제주점,제주시,이도2동,제주 제주시 구남로8길 10-5,33.49018711,126.5360528,3115,61.470000000000006,1.85,8.08,2.5129128421013838
37,라마다제주시티,제주특별자치도 제주시 중앙로 304,33.511128,126.525863,제주시,카페,커피,에이바우트커피구남점,제주시,아라동,제주 제주시 도남로 199,33.48510433,126.5354697,2805,15.9,0.26,1.82,3.027710672719427
24,라마다제주시티,제주특별자치도 제주시 중앙로 304,33.511128,126.525863,제주시,카페,커피,빽다방제주도남점,제주시,이도2동,제주 제주시 도남로5길 23-2,33.49763057,126.5281755,2793,6.870000000000001,0.09999999999999999,0.7899999999999999,1.516086165554567
45,라마다제주시티,제주특별자치도 제주시 중앙로 304,33.511128,126.525863,제주시,한식,면류,제주도고기국수만세국수,제주시,이도2동,제주 제주시 연삼로 437,33.49765432,126.5370314,2480,63.99999999999999,2.43,8.59,1.8212464118066205
52,라마다제주시티,제주특별자치도 제주시 중앙로 304,33.511128,126.525863,제주시,한식,단품요리 전문,평산식당,제주시,이도2동,제주 제주시 정든로2길 14,33.49752838,126.5385831,2462,12.370000000000001,0.06999999999999999,1.2,1.9177499802510145
16,라마다제주시티,제주특별자치도 제주시 중앙로 304,33.511128,126.525863,제주시,한식,가정식,모이세해장국,제주시,이도2동,제주 제주시 오복2길 31,33.49331708,126.5369753,2452,3.29,0.09,0.39999999999999997,2.232476098841265
12,라마다제주시티,제주특별자치도 제주시 중앙로 304,33.511128,126.525863,제주시,카페,커피,라토커피제주,제주시,이도2동,제주 제주시 광양10길 20,33.49868494,126.5281362,2381,4.42,0.39,0.7799999999999999,1.3995684113425273
5,라마다제주시티,제주특별자치도 제주시 중앙로 304,33.511128,126.525863,제주시,한식,가정식,다가미,제주시,이도2동,제주 제주시 도남로 111,33.49045081,126.5286629,2176,9.61,0.9500000000000001,1.83,2.313812689175518
0,라마다제주시티,제주특별자치도 제주시 중앙로 304,33.511128,126.525863,제주시,한식,가정식,가시식당2호점,제주시,이도2동,제주 제주시 구남로4길 6,33.48937953,126.533886,2120,10.709999999999999,0.24000000000000002,1.25,2.5301593082716662
10,라마다제주시티,제주특별자치도 제주시 중앙로 304,33.511128,126.525863,제주시,고기,고기,대한축산정육식당,제주시,이도2동,제주 제주시 도남로 51,33.49582926,126.5275711,2108,19.91,0.21000000000000002,1.99,1.708501045698321
28,라마다제주시티,제주특별자치도 제주시 중앙로 304,33.511128,126.525863,제주시,한식,가정식,선봉식당,제주시,이도2동,제주  제주시  동고산로  16 선봉식당  (이도이동),33.49831616,126.5327697,2083,3.32,0.06999999999999999,0.39,1.5619260041852852
7,라마다제주시티,제주특별자치도 제주시 중앙로 304,33.511128,126.525863,제주시,한식,가정식,닥그네할망,제주시,이도2동,제주 제주시 신성로10길 18,33.49527197,126.529991,2069,6.83,2.22,2.76,1.8041795224394324
15,라마다제주시티,제주특별자치도 제주시 중앙로 304,33.511128,126.525863,제주시,한식,가정식,메로,제주시,이도2동,제주 제주시 광양13길 34,33.50011252,126.5337186,1910,6.870000000000001,0.32000000000000006,0.9700000000000001,1.425061805483912
43,라마다제주시티,제주특별자치도 제주시 중앙로 304,33.511128,126.525863,제주시,한식,해장국,은희네해장국이도점,제주시,이도2동,제주 제주시 남광로 10,33.49229634,126.5378202,1885,24.720000000000002,1.67,4.0,2.3693871817969887
8,라마다제주시티,제주특별자치도 제주시 중앙로 304,33.511128,126.525863,제주시,한식,가정식,대명식당,제주시,이도2동,제주 제주시 도남로 62-1,33.49471888,126.52745,1630,2.84,0.01,0.29000000000000004,1.8305372581263302
36,라마다제주시티,제주특별자치도 제주시 중앙로 304,33.511128,126.525863,제주시,일식.회,일식,애월연어시청점,제주시,이도2동,제주 제주시 중앙로 266,33.49618617,126.5318156,1606,1.5999999999999999,0.060000000000000005,0.21,1.750732551589977
32,라마다제주시티,제주특별자치도 제주시 중앙로 304,33.511128,126.525863,제주시,일식.회,일식,스시고,제주시,아라동,제주 제주시 신설로11길 7,33.4918815,126.5442187,1549,6.33,0.14,0.7599999999999999,2.734382498966634
50,라마다제주시티,제주특별자치도 제주시 중앙로 304,33.511128,126.525863,제주시,카페,커피,투썸플레이스제주이도점,제주시,이도2동,제주 제주시 중앙로 286,33.49475719,126.5329588,1372,10.38,0.28,1.26,1.9356024937033547
1,라마다제주시티,제주특별자치도 제주시 중앙로 304,33.511128,126.525863,제주시,한식,면류,갱이네보말칼국수,제주시,이도2동,제주 제주시 도남로 88,33.49268825,126.5280332,1323,9.59,1.04,1.8599999999999999,2.060259841708522
49,라마다제주시티,제주특별자치도 제주시 중앙로 304,33.511128,126.525863,제주시,한식,가정식,진식당,제주시,이도2동,제주 제주시 도남로7길 30,33.49767097,126.5270234,1305,0.78,0.0,0.08,1.5002185828648231
54,라마다제주시티,제주특별자치도 제주시 중앙로 304,33.511128,126.525863,제주시,분식,분식,해바라기분식,제주시,이도2동,제주 제주시 중앙로 214,33.50023949,126.5292183,1268,7.57,0.16000000000000003,0.7999999999999999,1.250077395649774
39,라마다제주시티,제주특별자치도 제주시 중앙로 304,33.511128,126.525863,제주시,한식,가정식,오롯,제주시,아라동,제주 제주시 신설로11길 2-10,33.49099271,126.5444132,1225,10.680000000000001,1.04,1.95,2.8233616014093013
46,라마다제주시티,제주특별자치도 제주시 중앙로 304,33.511128,126.525863,제주시,한식,단품요리 전문,제주바다에,제주시,아라동,제주 제주시 연북로 550,33.48591508,126.5384985,1199,1.65,0.05,0.22999999999999998,3.0385249704589974
51,라마다제주시티,제주특별자치도 제주시 중앙로 304,33.511128,126.525863,제주시,베이커리.디저트,베이커리,파리바게뜨제주법원점,제주시,이도2동,제주 제주시 구남로 56,33.4912604,126.5358559,1071,15.0,0.28,1.71,2.395621713631313
17,라마다제주시티,제주특별자치도 제주시 중앙로 304,33.511128,126.525863,제주시,한식,단품요리 전문,바바램,제주시,이도2동,제주 제주시 도남로 21,33.49819517,126.5256156,921,6.380000000000001,0.17,0.8400000000000001,1.4382500059156778
3,라마다제주시티,제주특별자치도 제주시 중앙로 304,33.511128,126.525863,제주시,한식,해장국,김영미재첩해장국,제주시,이도2동,제주 제주시 구남로8길 4-17,33.49002044,126.5347752,685,12.6,0.22000000000000003,1.31,2.488284961935494
35,라마다제주시티,제주특별자치도 제주시 중앙로 304,33.511128,126.525863,제주시,한식,단품요리 전문,안다미로늘봄,제주시,이도2동,제주 제주시 구남로6길 45,33.487017986171,126.537090477531,655,60.29,0.30000000000000004,8.379999999999999,2.8759566955428184
29,라마다제주시티,제주특별자치도 제주시 중앙로 304,33.511128,126.525863,제주시,한식,해장국,순이네해장국,제주시,이도2동,제주 제주시 오복4길 8,33.4954191,126.5363265,614,2.31,0.06,0.24,1.998097815585135
40,라마다제주시티,제주특별자치도 제주시 중앙로 304,33.511128,126.525863,제주시,한식,단품요리 전문,용꽈배기,제주시,이도2동,제주 제주시 이도2동 1776-4,33.49991544,126.5269854,584,3.4899999999999998,0.14,0.44999999999999996,1.2511171109325259
2,라마다제주시티,제주특별자치도 제주시 중앙로 304,33.511128,126.525863,제주시,한식,주류,계절식탁,제주시,이도2동,제주 제주시 신성로13길 13-1,33.498945822646,126.529606027933,541,0.32,0.0,0.06,1.3983485951302863
44,라마다제주시티,제주특별자치도 제주시 중앙로 304,33.511128,126.525863,제주시,한식,순두부,일품순두부시청점,제주시,이도2동,제주 제주시 중앙로 260,33.49676038,126.5315799,528,8.799999999999999,0.28,1.26,1.683249029482648
31,라마다제주시티,제주특별자치도 제주시 중앙로 304,33.511128,126.525863,제주시,한식,해장국,쉬멍해장국,제주시,이도2동,제주 제주시 구남로4길 8-12,33.4887902,126.533081,517,1.36,0.02,0.16999999999999998,2.572443705132194
20,라마다제주시티,제주특별자치도 제주시 중앙로 304,33.511128,126.525863,제주시,고기,갈비,부평갈비,제주시,이도2동,제주 제주시 동광로6길 7,33.501292003477,126.532063010459,400,0.63,0.0,0.09000000000000001,1.235581672267338
22,라마다제주시티,제주특별자치도 제주시 중앙로 304,33.511128,126.525863,제주시,카페,커피,빠빠라기,제주시,이도2동,제주 제주시 중앙로 218,33.499987990029,126.529297851412,398,3.3499999999999996,0.24000000000000002,0.73,1.2789988242654768
11,라마다제주시티,제주특별자치도 제주시 중앙로 304,33.511128,126.525863,제주시,고기,돼지고기,돈풍년,제주시,아라동,제주 제주시 승천로 68,33.4925795,126.5423967,351,31.439999999999998,0.56,3.38,2.569848182171759
13,라마다제주시티,제주특별자치도 제주시 중앙로 304,33.511128,126.525863,제주시,피자.치킨.햄버거,양식,맥도날드제주시청DT점,제주시,이도2동,제주 제주시 중앙로 277,33.49567928,126.5331693,348,0.36,0.0,0.03,1.8465751811662297
27,라마다제주시티,제주특별자치도 제주시 중앙로 304,33.511128,126.525863,제주시,고기,샤브샤브,샤브마니아제주아라점,제주시,아라동,제주 제주시 연북로 527,33.48521544,126.5361918,345,22.33,0.24000000000000002,2.55,3.0363554014342116
42,라마다제주시티,제주특별자치도 제주시 중앙로 304,33.511128,126.525863,제주시,한식,가정식,웃뜨르식당,제주시,이도2동,제주 제주시 중앙로 281,33.49537587,126.5334326,324,0.63,0.01,0.08,1.8869456141489562
18,라마다제주시티,제주특별자치도 제주시 중앙로 304,33.511128,126.525863,제주시,베이커리.디저트,커피,배스킨라빈스제주법원,제주시,이도2동,제주 제주시 중앙로 325-1,33.4922731,126.5363687,305,2.09,0.03,0.28,2.3118191201546563
19,라마다제주시티,제주특별자치도 제주시 중앙로 304,33.511128,126.525863,제주시,베이커리.디저트,커피,배스킨라빈스제주시청점,제주시,이도2동,제주 제주시 중앙로 224,33.4996305,126.5295622,305,3.34,0.08,0.47,1.3236734555466352
4,라마다제주시티,제주특별자치도 제주시 중앙로 304,33.511128,126.525863,제주시,한식,가정식,꽁지식당,제주시,이도2동,제주 제주시 고산동산5길 6,33.49562383,126.5338158,291,1.5999999999999999,0.06,0.22,1.8750657985301211
34,라마다제주시티,제주특별자치도 제주시 중앙로 304,33.511128,126.525863,제주시,한식,단품요리 전문,싱푸미엔관,제주시,이도2동,제주 제주시 구남로2길 32,33.4869858,126.5344994,198,3.99,0.11,0.47,2.8013932976420923
26,라마다제주시티,제주특별자치도 제주시 중앙로 304,33.511128,126.525863,제주시,한식,가정식,삼계별장,제주시,이도2동,제주 제주시 연북로 599,33.489239892752,126.542377752734,180,1.96,0.05,0.33,2.875506463160805
47,라마다제주시티,제주특별자치도 제주시 중앙로 304,33.511128,126.525863,제주시,한식,단품요리 전문,제주정낭집이도점,제주시,이도2동,제주 제주시 구남로2길 11,33.48834367113,126.533322895134,158,1.15,0.01,0.14,2.6262361750700625
33,라마다제주시티,제주특별자치도 제주시 중앙로 304,33.511128,126.525863,제주시,일식.회,일식,스시도모다찌제주점,제주시,이도2동,제주 제주시 광양8길 1,33.49996856,126.5291798,147,8.37,0.26,1.0,1.2784143869176827
38,라마다제주시티,제주특별자치도 제주시 중앙로 304,33.511128,126.525863,제주시,한식,가정식,영해식당제주점,제주시,이도2동,제주 제주시 정든로2길 24-1,33.496689439329,126.539307449806,85,0.1,0.0,0.02,2.0326212898618716
14,라마다제주시티,제주특별자치도 제주시 중앙로 304,33.511128,126.525863,제주시,카페,커피,메가커피제주이도점,제주시,이도2동,제주 제주시 중앙로 293,33.494608431809,126.534101973371,83,0.29,0.01,0.04,1.9894129715293591
75,라마다제주함덕,제주특별자치도 제주시 조천읍 신북로 470,33.544669,126.636864,제주시,카페,커피,카페델문도,제주시,조천읍,제주 제주시 조천읍 조함해안로 519-10,33.54376995,126.6688915,17454,21.59,40.38999999999999,40.02,2.969883062953666
74,라마다제주함덕,제주특별자치도 제주시 조천읍 신북로 470,33.544669,126.636864,제주시,한식,가정식,존맛식당,제주시,조천읍,제주 제주시 조천읍 신북로 493,33.54296558,126.6628529,7783,1.4200000000000002,1.37,1.4100000000000001,2.416010545460837
58,라마다제주함덕,제주특별자치도 제주시 조천읍 신북로 470,33.544669,126.636864,제주시,일식.회,회,고집돌우럭함덕점,제주시,조천읍,제주 제주시 조천읍 신북로 491-9,33.54378868,126.6630986,7064,6.48,15.969999999999999,15.61,2.433303161446667
70,라마다제주함덕,제주특별자치도 제주시 조천읍 신북로 470,33.544669,126.636864,제주시,한식,해장국,은희네해장국함덕점,제주시,조천읍,제주 제주시 조천읍 조함해안로 480,33.5430157,126.6641549,4355,7.779999999999999,4.14,4.640000000000001,2.5359114541296073
78,라마다제주함덕,제주특별자치도 제주시 조천읍 신북로 470,33.544669,126.636864,제주시,한식,단품요리 전문,함골식당,제주시,조천읍,제주 제주시 조천읍 함대로 37-26,33.5401519,126.6594509,3898,1.29,0.09000000000000001,0.22000000000000003,2.1527372377872678
80,라마다제주함덕,제주특별자치도 제주시 조천읍 신북로 470,33.544669,126.636864,제주시,한식,가정식,함덕골목,제주시,조천읍,제주 제주시 조천읍 함덕7길 6-14,33.54387318,126.6617407,3532,20.15,2.7600000000000002,4.78,2.3071844263823063
61,라마다제주함덕,제주특별자치도 제주시 조천읍 신북로 470,33.544669,126.636864,제주시,한식,가정식,동해식당,제주시,조천읍,제주 제주시 조천읍 신북로 486,33.54305543,126.6619901,3193,1.9500000000000004,0.32,0.46,2.335513351034029
64,라마다제주함덕,제주특별자치도 제주시 조천읍 신북로 470,33.544669,126.636864,제주시,카페,커피,빽다방제주함덕점,제주시,조천읍,제주 제주시 조천읍 조함해안로 450,33.54508565,126.6621419,2793,14.329999999999998,2.17,3.43,2.343110245929362
76,라마다제주함덕,제주특별자치도 제주시 조천읍 신북로 470,33.544669,126.636864,제주시,한식,가정식,털보식당,제주시,조천읍,제주 제주시 조천읍 신북로 554,33.54090209,126.668817,2245,0.8,0.89,0.8900000000000001,2.9908206274892373
56,라마다제주함덕,제주특별자치도 제주시 조천읍 신북로 470,33.544669,126.636864,제주시,한식,단품요리 전문,갈치옥,제주시,조천읍,제주 제주시 조천읍 조함해안로 530,33.54246922,126.6695036,2187,2.2,13.779999999999998,13.1,3.034823692625139
67,라마다제주함덕,제주특별자치도 제주시 조천읍 신북로 470,33.544669,126.636864,제주시,한식,단품요리 전문,애월연어함덕점,제주시,조천읍,제주 제주시 조천읍 조함해안로 496,33.54244787,126.6658432,2031,5.11,0.67,1.11,2.6970466677643095
81,라마다제주함덕,제주특별자치도 제주시 조천읍 신북로 470,33.544669,126.636864,제주시,한식,단품요리 전문,해오반함덕점,제주시,조천읍,제주 제주시 조천읍 조함해안로 514,33.5425034,126.6676512,1841,2.16,6.3100000000000005,6.16,2.863417527204731
72,라마다제주함덕,제주특별자치도 제주시 조천읍 신북로 470,33.544669,126.636864,제주시,한식,가정식,제주담백,제주시,조천읍,제주 제주시 조천읍 함덕19길 9,33.541250434059,126.670189837455,1765,0.08,0.14,0.14,3.1118748659371445
71,라마다제주함덕,제주특별자치도 제주시 조천읍 신북로 470,33.544669,126.636864,제주시,피자.치킨.햄버거,치킨,제주닭집,제주시,조천읍,제주 제주시 조천읍 함덕14길 3,33.54103762,126.6671677,1603,10.96,1.71,2.69,2.837367663366417
83,라마다제주함덕,제주특별자치도 제주시 조천읍 신북로 470,33.544669,126.636864,제주시,일식.회,일식,황금손가락함덕점,제주시,조천읍,제주 제주시 조천읍 신북로 519,33.54200025,126.665301,1563,5.390000000000001,0.41000000000000003,0.93,2.6521260407040352
84,라마다제주함덕,제주특별자치도 제주시 조천읍 신북로 470,33.544669,126.636864,제주시,한식,단품요리 전문,회춘,제주시,조천읍,제주 제주시 조천읍 신북로 489,33.54317948,126.6626235,1519,5.3100000000000005,3.07,3.3699999999999997,2.393049779260495
73,라마다제주함덕,제주특별자치도 제주시 조천읍 신북로 470,33.544669,126.636864,제주시,한식,가정식,제주어촌,제주시,조천읍,제주 제주시 조천읍 조함해안로 518,33.54247186,126.6680716,1255,2.28,1.55,1.69,2.902536509624051
77,라마다제주함덕,제주특별자치도 제주시 조천읍 신북로 470,33.544669,126.636864,제주시,한식,가정식,통물식당,제주시,조천읍,제주 제주시 조천읍 신북로 468,33.54356807,126.6602057,1195,0.47000000000000003,0.45,0.47,2.1666931561839062
66,라마다제주함덕,제주특별자치도 제주시 조천읍 신북로 470,33.544669,126.636864,제주시,한식,단품요리 전문,손이가네,제주시,조천읍,제주 제주시 조천읍 신북로 537,33.54163466,126.6673523,1135,1.19,0.19999999999999998,0.31000000000000005,2.8456605078392716
65,라마다제주함덕,제주특별자치도 제주시 조천읍 신북로 470,33.544669,126.636864,제주시,한식,가정식,섬오름해물라면,제주시,조천읍,제주 제주시 조천읍 조함해안로 355-7,33.54976963,126.6559213,1043,0.21000000000000002,0.6100000000000001,0.5800000000000001,1.8549397657840294
59,라마다제주함덕,제주특별자치도 제주시 조천읍 신북로 470,33.544669,126.636864,제주시,고기,돼지고기,깡촌흑돼지,제주시,조천읍,제주 제주시 조천읍 신북로 534,33.54145805,126.6668598,840,1.75,4.48,4.07,2.802780670226151
79,라마다제주함덕,제주특별자치도 제주시 조천읍 신북로 470,33.544669,126.636864,제주시,한식,단품요리 전문,함덕고등어쌈밥,제주시,조천읍,제주 제주시 조천읍 조함해안로 530,33.542469223291,126.669503628407,784,0.27,0.32,0.33999999999999997,3.034826287192898
68,라마다제주함덕,제주특별자치도 제주시 조천읍 신북로 470,33.544669,126.636864,제주시,한식,가정식,예소담,제주시,조천읍,제주 제주시 조천읍 신북로 544,33.54114257,126.6677044,652,2.4699999999999998,0.81,1.01,2.884999380765391
57,라마다제주함덕,제주특별자치도 제주시 조천읍 신북로 470,33.544669,126.636864,제주시,한식,가정식,계절식탁향토,제주시,조천읍,제주 제주시 조천읍 조함해안로 510,33.542544527586,126.667401330671,541,0.8400000000000001,2.4299999999999997,2.16,2.8399582861805457
69,라마다제주함덕,제주특별자치도 제주시 조천읍 신북로 470,33.544669,126.636864,제주시,한식,단품요리 전문,옥이네밥상,제주시,조천읍,제주 제주시 조천읍 일주동로 1094,33.53655058,126.6574179,524,0.12,0.0,0.01,2.108016839585107
63,라마다제주함덕,제주특별자치도 제주시 조천읍 신북로 470,33.544669,126.636864,제주시,한식,김치찌개,보배쌤보리김치와게장,제주시,조천읍,제주 제주시 조천읍 신북로 409,33.54408898,126.6542005,327,4.26,0.7,1.07,1.607978997775152
62,라마다제주함덕,제주특별자치도 제주시 조천읍 신북로 470,33.544669,126.636864,제주시,베이커리.디저트,커피,배스킨라빈스제주함덕점,제주시,조천읍,제주 제주시 조천읍 조함해안로 526,33.54249961,126.6689756,305,2.64,0.62,0.86,2.985776449049715
82,라마다제주함덕,제주특별자치도 제주시 조천읍 신북로 470,33.544669,126.636864,제주시,한식,단품요리 전문,화로위,제주시,조천읍,제주 제주시 조천읍 함덕19길 9,33.54125043,126.6701898,174,0.59,1.28,1.3,3.1118714758849615
60,라마다제주함덕,제주특별자치도 제주시 조천읍 신북로 470,33.544669,126.636864,제주시,한식,단품요리 전문,다니쉬,제주시,조천읍,제주 제주시 조천읍 함덕16길 56,33.54212706,126.6636841,158,0.39,0.15,0.18,2.501638661090821
91,베니키아 중문 호텔,제주특별자치도 서귀포시 천제연로 166,33.249422,126.558743,서귀포시,카페,커피,더클리프,서귀포시,예래동,제주 서귀포시 중문관광로 154-17,33.24479442,126.417791,22739,18.43,32.94,32.49999999999999,13.117783065028336
89,베니키아 중문 호텔,제주특별자치도 서귀포시 천제연로 166,33.249422,126.558743,서귀포시,일식.회,회,고집돌우럭중문점,서귀포시,예래동,제주 서귀포시 일주서로 879,33.25797986,126.4167056,15783,9.120000000000001,30.61,29.580000000000002,13.241862205153314
127,베니키아 중문 호텔,제주특별자치도 서귀포시 천제연로 166,33.249422,126.558743,서귀포시,한식,면류,중문수두리보말칼국수,서귀포시,중문동,제주 서귀포시 천제연로 190,33.25158308,126.4248688,13092,5.84,11.71,11.54,12.45132976875955
144,베니키아 중문 호텔,제주특별자치도 서귀포시 천제연로 166,33.249422,126.558743,서귀포시,한식,단품요리 전문,호꼼샌드,서귀포시,중문동,제주 서귀포시 천제연로207번길 7,33.25238218,126.4267431,7240,0.21,0.11000000000000001,0.12000000000000001,12.279075342913268
112,베니키아 중문 호텔,제주특별자치도 서귀포시 천제연로 166,33.249422,126.558743,서귀포시,한식,가정식,은희네해장국,서귀포시,중문동,제주 서귀포시 중문관광로 348,33.2510389,126.4317461,6863,16.47,5.800000000000001,7.02,11.810893461605454
124,베니키아 중문 호텔,제주특별자치도 서귀포시 천제연로 166,33.249422,126.558743,서귀포시,한식,가정식,중문가람돌솥밥,서귀포시,중문동,제주 서귀포시 중문관광로 332,33.24965422,126.4313309,6564,10.8,14.97,15.110000000000001,11.848256664543706
122,베니키아 중문 호텔,제주특별자치도 서귀포시 천제연로 166,33.249422,126.558743,서귀포시,한식,가정식,제주오성,서귀포시,예래동,제주 서귀포시 중문관광로 27,33.25564662,126.4147302,6410,6.59,27.099999999999998,25.970000000000002,13.409366412038207
93,베니키아 중문 호텔,제주특별자치도 서귀포시 천제연로 166,33.249422,126.558743,서귀포시,베이커리.디저트,디저트,돌카롱중문점,서귀포시,중문동,제주 서귀포시 중문로41번길 8,33.2557232,126.4243009,4352,0.68,1.31,1.3,12.521143116443623
88,베니키아 중문 호텔,제주특별자치도 서귀포시 천제연로 166,33.249422,126.558743,서귀포시,한식,가정식,경남식당,서귀포시,중문동,제주 서귀포시 중문동 1351-6번지,33.2577928,126.4268285,3720,3.17,0.01,0.32,12.301606043391821
101,베니키아 중문 호텔,제주특별자치도 서귀포시 천제연로 166,33.249422,126.558743,서귀포시,한식,소고기,명호마농갈비중문점,서귀포시,중문동,제주 서귀포시 중문관광로 289,33.24623575,126.4290743,3218,21.89,9.7,11.11,12.063512502814577
131,베니키아 중문 호텔,제주특별자치도 서귀포시 천제연로 166,33.249422,126.558743,서귀포시,한식,회,중문회포장센터새벽야시장,서귀포시,중문동,제주 서귀포시 중문관광로 293,33.24662593,126.4292712,2849,2.4600000000000004,7.4399999999999995,7.25,12.043985114180172
123,베니키아 중문 호텔,제주특별자치도 서귀포시 천제연로 166,33.249422,126.558743,서귀포시,한식,면류,제주한라국수,서귀포시,중문동,제주 서귀포시 천제연로188번길 17,33.25028812,126.4244199,2709,8.57,3.68,4.25,12.49121792624709
133,베니키아 중문 호텔,제주특별자치도 서귀포시 천제연로 166,33.249422,126.558743,서귀포시,분식,분식,참맛김밥,서귀포시,중문동,제주 서귀포시 천제연로 213,33.25167165,126.4275928,2705,1.98,0.13,0.31000000000000005,12.198264016211677
120,베니키아 중문 호텔,제주특별자치도 서귀포시 천제연로 166,33.249422,126.558743,서귀포시,한식,가정식,제주미향,서귀포시,예래동,제주 서귀포시 천제연로 99,33.25515334,126.4163488,2608,1.81,7.8500000000000005,7.460000000000001,13.256345856423165
134,베니키아 중문 호텔,제주특별자치도 서귀포시 천제연로 166,33.249422,126.558743,서귀포시,고기,돼지고기,천돈가중문본점,서귀포시,예래동,제주 서귀포시 일주서로 873,33.25799011,126.4175102,2463,1.62,5.539999999999999,5.34,13.167321091820924
142,베니키아 중문 호텔,제주특별자치도 서귀포시 천제연로 166,33.249422,126.558743,서귀포시,일식.회,일식,한스시,서귀포시,중문동,제주 서귀포시 천제연로 238,33.25125024,126.4299181,2414,0.44,0.08,0.13,11.981222152227264
103,베니키아 중문 호텔,제주특별자치도 서귀포시 천제연로 166,33.249422,126.558743,서귀포시,한식,해장국,산지해장국중문점,서귀포시,중문동,제주 서귀포시 천제연로185번길 12-1,33.25279162,126.4249008,2395,5.07,0.7500000000000001,1.21,12.451587646414838
94,베니키아 중문 호텔,제주특별자치도 서귀포시 천제연로 166,33.249422,126.558743,서귀포시,한식,단품요리 전문,두리둠비,서귀포시,예래동,제주 서귀포시 중문관광로 16,33.25670998,126.4146896,2379,7.499999999999999,3.32,3.8699999999999997,13.419676328762886
95,베니키아 중문 호텔,제주특별자치도 서귀포시 천제연로 166,33.249422,126.558743,서귀포시,카페,커피,로그릭중문점,서귀포시,중문동,제주 서귀포시 천제연로 183,33.25188946,126.4241444,2363,1.28,0.1,0.22000000000000003,12.519357850395393
143,베니키아 중문 호텔,제주특별자치도 서귀포시 천제연로 166,33.249422,126.558743,서귀포시,고기,가정식,해심가든,서귀포시,중문동,제주 서귀포시 천제연로 203-4,33.25192863,126.4265259,2181,14.360000000000001,6.33,7.319999999999999,12.298051048503952
86,베니키아 중문 호텔,제주특별자치도 서귀포시 천제연로 166,33.249422,126.558743,서귀포시,한식,가정식,가시어멍식당,서귀포시,중문동,제주 서귀포시 중문로5번길 13,33.25289843,126.4219479,2120,5.59,0.18999999999999997,0.77,12.726402739218884
108,베니키아 중문 호텔,제주특별자치도 서귀포시 천제연로 166,33.249422,126.558743,서귀포시,한식,가정식,오후새우시,서귀포시,중문동,제주 서귀포시 천제연로 184,33.25159241,126.4241819,2014,1.0,2.06,2.0100000000000002,12.515212300809857
87,베니키아 중문 호텔,제주특별자치도 서귀포시 천제연로 166,33.249422,126.558743,서귀포시,한식,가정식,갑순이네,서귀포시,중문동,제주 서귀포시 천제연로 170,33.25177385,126.4228481,1985,1.66,0.30000000000000004,0.42,12.63960820359992
128,베니키아 중문 호텔,제주특별자치도 서귀포시 천제연로 166,33.249422,126.558743,서귀포시,한식,가정식,중문수원음식점,서귀포시,예래동,제주 서귀포시 천제연로 83,33.25532117,126.414661,1946,1.55,7.279999999999999,7.03,13.413999194821997
129,베니키아 중문 호텔,제주특별자치도 서귀포시 천제연로 166,33.249422,126.558743,서귀포시,한식,가정식,중문식당,서귀포시,중문동,제주 서귀포시 중문로5번길 13,33.25289843,126.4219479,1801,2.2,0.12,0.3400000000000001,12.726402739218884
109,베니키아 중문 호텔,제주특별자치도 서귀포시 천제연로 166,33.249422,126.558743,서귀포시,한식,가정식,용이식당중문점,서귀포시,중문동,제주 서귀포시 중문상로 32,33.25121103,126.4253906,1736,13.690000000000001,0.6699999999999999,1.99,12.402110307824604
126,베니키아 중문 호텔,제주특별자치도 서귀포시 천제연로 166,33.249422,126.558743,서귀포시,한식,가정식,중문생선구이,서귀포시,중문동,제주 서귀포시 중문관광로 323,33.24924137,126.4300506,1726,3.4200000000000004,4.82,4.82,11.967330513226907
105,베니키아 중문 호텔,제주특별자치도 서귀포시 천제연로 166,33.249422,126.558743,서귀포시,고기,돼지고기,숙성돈가,서귀포시,중문동,제주 서귀포시 중문관광로 312,33.24796996,126.4306103,1681,4.3500000000000005,4.62,4.75,11.91644681604772
85,베니키아 중문 호텔,제주특별자치도 서귀포시 천제연로 166,33.249422,126.558743,서귀포시,피자.치킨.햄버거,양식,KFC서귀포중문DT점,서귀포시,예래동,제주 서귀포시 중문관광로 90,33.25027466,126.4141405,1675,18.050000000000004,1.9999999999999998,3.64,13.447074026937933
97,베니키아 중문 호텔,제주특별자치도 서귀포시 천제연로 166,33.249422,126.558743,서귀포시,한식,가정식,만족한상회,서귀포시,중문동,제주 서귀포시 중문상로 58-5,33.25348296,126.4268092,1589,2.0999999999999996,5.7299999999999995,5.6000000000000005,12.276746228915261
106,베니키아 중문 호텔,제주특별자치도 서귀포시 천제연로 166,33.249422,126.558743,서귀포시,한식,해장국,쉬멍해장국중문점,서귀포시,예래동,제주 서귀포시 천제연로 85,33.25528812,126.4148977,1532,4.55,1.74,2.08,13.391838249201642
113,베니키아 중문 호텔,제주특별자치도 서귀포시 천제연로 166,33.249422,126.558743,서귀포시,한식,가정식,장가네해장국,서귀포시,중문동,제주 서귀포시 중문상로17번길 4,33.25030098,126.4240119,1486,6.54,0.84,1.42,12.529167298320873
138,베니키아 중문 호텔,제주특별자치도 서귀포시 천제연로 166,33.249422,126.558743,서귀포시,베이커리.디저트,베이커리,파리바게뜨제주중문점,서귀포시,중문동,제주 서귀포시 천제연로 186,33.2516219,126.4243745,1459,12.31,1.23,2.3499999999999996,12.497367341572346
98,베니키아 중문 호텔,제주특별자치도 서귀포시 천제연로 166,33.249422,126.558743,서귀포시,한식,가정식,맛존디,서귀포시,중문동,제주 서귀포시 중문로 86,33.25868009,126.4271238,1283,0.27999999999999997,0.88,0.86,12.282039797153198
135,베니키아 중문 호텔,제주특별자치도 서귀포시 천제연로 166,33.249422,126.558743,서귀포시,고기,돼지고기,칠돈가직영점,서귀포시,중문동,제주 서귀포시 천제연로 137,33.25372995,126.41998,1249,2.71,12.86,12.329999999999998,12.9123519171749
139,베니키아 중문 호텔,제주특별자치도 서귀포시 천제연로 166,33.249422,126.558743,서귀포시,일식.회,일식,퍼랭,서귀포시,예래동,제주 서귀포시 중문관광로 5,33.25741676,126.4156748,1247,15.379999999999999,6.85,7.720000000000001,13.333188823848683
96,베니키아 중문 호텔,제주특별자치도 서귀포시 천제연로 166,33.249422,126.558743,서귀포시,카페,커피,마노커피하우스,서귀포시,중문동,제주 서귀포시 천제연로188번길 6-6,33.25136421,126.4239607,1213,3.4899999999999998,1.78,2.02,12.535331468055151
140,베니키아 중문 호텔,제주특별자치도 서귀포시 천제연로 166,33.249422,126.558743,서귀포시,피자.치킨.햄버거,치킨,페리카나중문점,서귀포시,중문동,제주 서귀포시 천제연로185번길 3-1,33.25219715,126.4242354,1178,6.760000000000001,0.35000000000000003,1.0100000000000002,12.511672839276185
132,베니키아 중문 호텔,제주특별자치도 서귀포시 천제연로 166,33.249422,126.558743,서귀포시,한식,가정식,착한전복제주중문점,서귀포시,예래동,제주 서귀포시 천제연로 119,33.25453781,126.4182807,1163,4.68,3.1900000000000004,3.45,13.073801153554099
115,베니키아 중문 호텔,제주특별자치도 서귀포시 천제연로 166,33.249422,126.558743,서귀포시,고기,돼지고기,정직한돈중문점,서귀포시,예래동,제주 서귀포시 일주서로 827,33.25870127,126.4223909,1110,2.51,4.31,4.25,12.720830068967858
99,베니키아 중문 호텔,제주특별자치도 서귀포시 천제연로 166,33.249422,126.558743,서귀포시,피자.치킨.햄버거,양식,맥도날드제주중문DT점,서귀포시,예래동,제주 서귀포시 중문관광로 38,33.25495622,126.413616,1049,7.94,1.23,1.88,13.509175391608968
116,베니키아 중문 호텔,제주특별자치도 서귀포시 천제연로 166,33.249422,126.558743,서귀포시,피자.치킨.햄버거,치킨,정직한통닭중문점,서귀포시,중문동,제주 서귀포시 천제연로213번길 44,33.25501601,126.4282626,947,2.4400000000000004,0.09,0.31,12.149115848585298
114,베니키아 중문 호텔,제주특별자치도 서귀포시 천제연로 166,33.249422,126.558743,서귀포시,한식,가정식,정이가네중문,서귀포시,중문동,제주 서귀포시 천제연로 135,33.25370892,126.4197443,892,3.91,0.65,0.99,12.934169572903041
92,베니키아 중문 호텔,제주특별자치도 서귀포시 천제연로 166,33.249422,126.558743,서귀포시,한식,가정식,덕승식당중문점,서귀포시,중문동,제주 서귀포시 천제연로207번길 7,33.25238218,126.4267431,660,3.05,0.54,0.78,12.279075342913268
119,베니키아 중문 호텔,제주특별자치도 서귀포시 천제연로 166,33.249422,126.558743,서귀포시,한식,면류,제주돌하르방밀면,서귀포시,중문동,제주 서귀포시 중문관광로 331,33.24987023,126.4305866,647,1.75,0.68,0.8200000000000002,11.917531504699166
111,베니키아 중문 호텔,제주특별자치도 서귀포시 천제연로 166,33.249422,126.558743,서귀포시,한식,단품요리 전문,윤꽈배기,서귀포시,중문동,제주 서귀포시 천제연로 214,33.25142692,126.4274899,584,0.52,0.05,0.09000000000000001,12.207320499297412
141,베니키아 중문 호텔,제주특별자치도 서귀포시 천제연로 166,33.249422,126.558743,서귀포시,한식,단품요리 전문,한그릇,서귀포시,예래동,제주  서귀포시  중문관광로  7 한그릇  (색달동),33.2573146,126.4154406,583,4.289999999999999,0.8300000000000001,1.24,13.354174475518139
137,베니키아 중문 호텔,제주특별자치도 서귀포시 천제연로 166,33.249422,126.558743,서귀포시,한식,가정식,틈새식당,서귀포시,중문동,제주  서귀포시  중문동 2007-1번지,33.25201682,126.4270823,531,2.49,0.6,0.81,12.246545602746403
118,베니키아 중문 호텔,제주특별자치도 서귀포시 천제연로 166,33.249422,126.558743,서귀포시,한식,가정식,제주당,서귀포시,중문동,제주 서귀포시 천제연로 159,33.2525357,126.4217828,444,0.38,0.03,0.06,12.74061480862992
100,베니키아 중문 호텔,제주특별자치도 서귀포시 천제연로 166,33.249422,126.558743,서귀포시,카페,커피,메가커피중문점,서귀포시,중문동,제주 서귀포시 천제연로 182,33.25160718,126.4239241,429,0.79,0.2,0.26,12.539211421361948
90,베니키아 중문 호텔,제주특별자치도 서귀포시 천제연로 166,33.249422,126.558743,서귀포시,한식,가정식,대포칼제비,서귀포시,중문동,제주 서귀포시 중문관광로 338,33.25023287,126.43146,382,2.81,0.62,0.8699999999999999,11.836527573785421
107,베니키아 중문 호텔,제주특별자치도 서귀포시 천제연로 166,33.249422,126.558743,서귀포시,베이커리.디저트,도너츠,오또도넛,서귀포시,중문동,제주 서귀포시 중문상로 87,33.25590695,126.4274203,355,3.42,0.21000000000000002,0.49000000000000005,12.232715763987887
130,베니키아 중문 호텔,제주특별자치도 서귀포시 천제연로 166,33.249422,126.558743,서귀포시,한식,가정식,중문큰집어멍,서귀포시,중문동,제주 서귀포시 중문관광로 336,33.250016402869,126.431453154749,300,0.30000000000000004,0.81,0.78,11.83701988965445
121,베니키아 중문 호텔,제주특별자치도 서귀포시 천제연로 166,33.249422,126.558743,서귀포시,피자.치킨.햄버거,치킨,제주스럽닭,서귀포시,중문동,제주 서귀포시 중문동 2140-32번지,33.25087804,126.4233041,283,0.0,0.05,0.04,12.595604149316996
145,베니키아 중문 호텔,제주특별자치도 서귀포시 천제연로 166,33.249422,126.558743,서귀포시,중식,중식,호서식당,서귀포시,중문동,제주 서귀포시 천제연로 154-1,33.25241266,126.4213236,244,0.02,0.0,0.0,12.782945783591007
117,베니키아 중문 호텔,제주특별자치도 서귀포시 천제연로 166,33.249422,126.558743,서귀포시,한식,해장국,제주고사리해장국중문본점,서귀포시,중문동,제주 서귀포시 중문관광로301번길 3,33.247041244907,126.429317398777,232,0.21000000000000002,0.26,0.26,12.03855774955098
125,베니키아 중문 호텔,제주특별자치도 서귀포시 천제연로 166,33.249422,126.558743,서귀포시,한식,단품요리 전문,중문바다향,서귀포시,중문동,제주 서귀포시 천제연로188번길 11,33.25091239,126.4245911,227,0.25,0.28,0.27,12.475982766383172
102,베니키아 중문 호텔,제주특별자치도 서귀포시 천제연로 166,33.249422,126.558743,서귀포시,베이커리.디저트,아이스크림/빙수,베스킨라빈스중문점,서귀포시,중문동,제주 서귀포시 천제연로 181,33.251960619279,126.424067988164,205,0.63,0.11,0.2,12.526632406307195
110,베니키아 중문 호텔,제주특별자치도 서귀포시 천제연로 166,33.249422,126.558743,서귀포시,한식,가정식,육떡식당,서귀포시,중문동,제주 서귀포시 천제연로178번길 19,33.250269590745,126.423669132432,204,0.18,0.18,0.18,12.561016223730366
136,베니키아 중문 호텔,제주특별자치도 서귀포시 천제연로 166,33.249422,126.558743,서귀포시,카페,커피,카페1950,서귀포시,예래동,제주 서귀포시 중문관광로 90,33.25027466,126.4141405,201,0.98,0.21,0.29000000000000004,13.447074026937933
104,베니키아 중문 호텔,제주특별자치도 서귀포시 천제연로 166,33.249422,126.558743,서귀포시,한식,단품요리 전문,삼강식당중문점,서귀포시,중문동,제주 서귀포시 천제연로178번길 3,33.251452172502,126.423787393243,84,0.92,0.15,0.26,12.551610745504293
157,베니키아호텔제주(구. 뉴베니키아호텔제주),제주 제주시 애월읍 애월해안로 554-6,33.463042,126.330485,제주시,고기,돼지고기,제주돈애월점,제주시,애월읍,제주 제주시 애월읍 신엄로 28,33.47309274,126.3644482,12730,5.45,1.18,1.6400000000000001,3.3427254239027695
162,베니키아호텔제주(구. 뉴베니키아호텔제주),제주 제주시 애월읍 애월해안로 554-6,33.463042,126.330485,제주시,고기,돼지고기,흑돼지,제주시,애월읍,제주 제주시 애월읍 부룡수길 8,33.474963,126.3538596,8181,0.08,0.2,0.19,2.5412649491448476
158,베니키아호텔제주(구. 뉴베니키아호텔제주),제주 제주시 애월읍 애월해안로 554-6,33.463042,126.330485,제주시,베이커리.디저트,베이커리,제주만주,제주시,애월읍,제주 제주시 애월읍 일주서로 6707,33.47210191,126.3686192,4856,11.100000000000001,6.1499999999999995,6.77,3.677939218094205
155,베니키아호텔제주(구. 뉴베니키아호텔제주),제주 제주시 애월읍 애월해안로 554-6,33.463042,126.330485,제주시,한식,가정식,애월찜,제주시,애월읍,제주 제주시 애월읍 애월해안로 454-5,33.47655518,126.3542706,3118,2.4499999999999997,4.21,4.2,2.6693463719987087
161,베니키아호텔제주(구. 뉴베니키아호텔제주),제주 제주시 애월읍 애월해안로 554-6,33.463042,126.330485,제주시,한식,가정식,해녀의집,제주시,애월읍,제주 제주시 애월읍 애월해안로 591,33.47842657,126.36693,2338,3.24,5.430000000000001,5.379999999999999,3.7886700132213718
151,베니키아호텔제주(구. 뉴베니키아호텔제주),제주 제주시 애월읍 애월해안로 554-6,33.463042,126.330485,제주시,양식,양식,앙데팡당,제주시,애월읍,제주 제주시 애월읍 신엄안3길 136-5,33.47367239,126.353755,2138,8.74,0.6400000000000001,1.37,2.4609456322748153
156,베니키아호텔제주(구. 뉴베니키아호텔제주),제주 제주시 애월읍 애월해안로 554-6,33.463042,126.330485,제주시,분식,분식,이순신김밥,제주시,애월읍,제주 제주시 애월읍 애월해안로 482-1,33.47782986,126.3558925,1659,2.87,1.58,1.73,2.873643961354461
150,베니키아호텔제주(구. 뉴베니키아호텔제주),제주 제주시 애월읍 애월해안로 554-6,33.463042,126.330485,제주시,한식,단품요리 전문,새물,제주시,애월읍,제주 제주시 애월읍 애월해안로 620,33.47868198,126.3698945,1450,1.33,1.41,1.44,4.048041801243669
146,베니키아호텔제주(구. 뉴베니키아호텔제주),제주 제주시 애월읍 애월해안로 554-6,33.463042,126.330485,제주시,한식,단품요리 전문,구이사이,제주시,애월읍,제주 제주시 애월읍 일주서로 6699,33.47186766,126.3679459,1097,2.75,0.97,1.21,3.6107519403634476
149,베니키아호텔제주(구. 뉴베니키아호텔제주),제주 제주시 애월읍 애월해안로 554-6,33.463042,126.330485,제주시,카페,커피,빽다방제주애월좋은마트점,제주시,애월읍,제주 제주시 애월읍 일주서로 6679,33.470926,126.3655862,777,4.5,0.39999999999999997,0.8800000000000001,3.3719195005898963
147,베니키아호텔제주(구. 뉴베니키아호텔제주),제주 제주시 애월읍 애월해안로 554-6,33.463042,126.330485,제주시,양식,양식,당당,제주시,애월읍,제주 제주시 애월읍 중엄안1길 25,33.47443973,126.3708883,726,2.27,0.99,1.1800000000000002,3.9562033308659283
148,베니키아호텔제주(구. 뉴베니키아호텔제주),제주 제주시 애월읍 애월해안로 554-6,33.463042,126.330485,제주시,한식,단품요리 전문,뚱딴지,제주시,애월읍,제주 제주시 애월읍 부룡수길 17,33.47468843,126.3549083,564,2.73,3.53,3.63,2.6094656925885995
159,베니키아호텔제주(구. 뉴베니키아호텔제주),제주 제주시 애월읍 애월해안로 554-6,33.463042,126.330485,제주시,카페,커피,카페쌀쌀,제주시,애월읍,제주 제주시 애월읍 신엄로 51,33.47512803,126.3642809,422,0.37,0.28,0.31,3.410735729217457
152,베니키아호텔제주(구. 뉴베니키아호텔제주),제주 제주시 애월읍 애월해안로 554-6,33.463042,126.330485,제주시,한식,가정식,애월삼육공,제주시,애월읍,제주 제주시 애월읍 중엄3길 50,33.477983539569,126.371628877,383,0.64,1.55,1.49,4.162290627921734
153,베니키아호텔제주(구. 뉴베니키아호텔제주),제주 제주시 애월읍 애월해안로 554-6,33.463042,126.330485,제주시,카페,커피,애월아시시,제주시,애월읍,제주 제주시 애월읍 애월해안로 474,33.47762859,126.3549926,354,1.15,0.30000000000000004,0.39,2.7925398860868653
160,베니키아호텔제주(구. 뉴베니키아호텔제주),제주 제주시 애월읍 애월해안로 554-6,33.463042,126.330485,제주시,카페,커피,커피빈제주애월DT점,제주시,애월읍,제주 제주시 애월읍 애월해안로 560,33.478080749926,126.363267902318,162,1.81,0.28,0.48,3.47027452255619
154,베니키아호텔제주(구. 뉴베니키아호텔제주),제주 제주시 애월읍 애월해안로 554-6,33.463042,126.330485,제주시,한식,단품요리 전문,애월전분공장,제주시,애월읍,제주 제주시 애월읍 중엄3길 60,33.47835372,126.3702987,157,0.61,0.1,0.15,4.06651842344202
173,수앤수리조트(구.수앤수가족호텔),제주 제주시 애월읍 부룡수길 60,33.4741615,126.3586953,제주시,고기,돼지고기,제주돈애월점,제주시,애월읍,제주 제주시 애월읍 신엄로 28,33.47309274,126.3644482,12730,5.45,1.18,1.6400000000000001,0.5466681756495225
178,수앤수리조트(구.수앤수가족호텔),제주 제주시 애월읍 부룡수길 60,33.4741615,126.3586953,제주시,고기,돼지고기,흑돼지,제주시,애월읍,제주 제주시 애월읍 부룡수길 8,33.474963,126.3538596,8181,0.08,0.2,0.19,0.4572860531997241
174,수앤수리조트(구.수앤수가족호텔),제주 제주시 애월읍 부룡수길 60,33.4741615,126.3586953,제주시,베이커리.디저트,베이커리,제주만주,제주시,애월읍,제주 제주시 애월읍 일주서로 6707,33.47210191,126.3686192,4856,11.100000000000001,6.1499999999999995,6.77,0.9485315190328791
170,수앤수리조트(구.수앤수가족호텔),제주 제주시 애월읍 부룡수길 60,33.4741615,126.3586953,제주시,한식,가정식,애월우니담,제주시,애월읍,제주 제주시 애월읍 고내로13길 107,33.47258293,126.3484398,4792,3.4000000000000004,10.44,10.089999999999998,0.9672830318807693
171,수앤수리조트(구.수앤수가족호텔),제주 제주시 애월읍 부룡수길 60,33.4741615,126.3586953,제주시,한식,가정식,애월찜,제주시,애월읍,제주 제주시 애월읍 애월해안로 454-5,33.47655518,126.3542706,3118,2.4499999999999997,4.21,4.2,0.489148402107342
167,수앤수리조트(구.수앤수가족호텔),제주 제주시 애월읍 부룡수길 60,33.4741615,126.3586953,제주시,고기,돼지고기,순희네흑돼지,제주시,애월읍,제주 제주시 애월읍 애월해안로 384-8,33.47234045,126.3491867,2455,0.15000000000000002,1.2200000000000002,1.1500000000000001,0.9048949220508371
177,수앤수리조트(구.수앤수가족호텔),제주 제주시 애월읍 부룡수길 60,33.4741615,126.3586953,제주시,한식,가정식,해녀의집,제주시,애월읍,제주 제주시 애월읍 애월해안로 591,33.47842657,126.36693,2338,3.24,5.430000000000001,5.379999999999999,0.8990284174495272
168,수앤수리조트(구.수앤수가족호텔),제주 제주시 애월읍 부룡수길 60,33.4741615,126.3586953,제주시,양식,양식,앙데팡당,제주시,애월읍,제주 제주시 애월읍 신엄안3길 136-5,33.47367239,126.353755,2138,8.74,0.6400000000000001,1.37,0.4614386603836192
172,수앤수리조트(구.수앤수가족호텔),제주 제주시 애월읍 부룡수길 60,33.4741615,126.3586953,제주시,분식,분식,이순신김밥,제주시,애월읍,제주 제주시 애월읍 애월해안로 482-1,33.47782986,126.3558925,1659,2.87,1.58,1.73,0.4836982014726552
163,수앤수리조트(구.수앤수가족호텔),제주 제주시 애월읍 부룡수길 60,33.4741615,126.3586953,제주시,한식,단품요리 전문,구이사이,제주시,애월읍,제주 제주시 애월읍 일주서로 6699,33.47186766,126.3679459,1097,2.75,0.97,1.21,0.8951288856066305
165,수앤수리조트(구.수앤수가족호텔),제주 제주시 애월읍 부룡수길 60,33.4741615,126.3586953,제주시,한식,단품요리 전문,명리동식당애월점,제주시,애월읍,제주 제주시 애월읍 애월해안로 384-7,33.47234603,126.3496061,952,3.0,2.41,2.55,0.8668799104057928
166,수앤수리조트(구.수앤수가족호텔),제주 제주시 애월읍 부룡수길 60,33.4741615,126.3586953,제주시,카페,커피,빽다방제주애월좋은마트점,제주시,애월읍,제주 제주시 애월읍 일주서로 6679,33.470926,126.3655862,777,4.5,0.39999999999999997,0.8800000000000001,0.7334534861809157
164,수앤수리조트(구.수앤수가족호텔),제주 제주시 애월읍 부룡수길 60,33.4741615,126.3586953,제주시,한식,단품요리 전문,뚱딴지,제주시,애월읍,제주 제주시 애월읍 부룡수길 17,33.47468843,126.3549083,564,2.73,3.53,3.63,0.35610284596453606
175,수앤수리조트(구.수앤수가족호텔),제주 제주시 애월읍 부룡수길 60,33.4741615,126.3586953,제주시,카페,커피,카페쌀쌀,제주시,애월읍,제주 제주시 애월읍 신엄로 51,33.47512803,126.3642809,422,0.37,0.28,0.31,0.5291010419502024
169,수앤수리조트(구.수앤수가족호텔),제주 제주시 애월읍 부룡수길 60,33.4741615,126.3586953,제주시,카페,커피,애월아시시,제주시,애월읍,제주 제주시 애월읍 애월해안로 474,33.47762859,126.3549926,354,1.15,0.30000000000000004,0.39,0.5163030121879811
176,수앤수리조트(구.수앤수가족호텔),제주 제주시 애월읍 부룡수길 60,33.4741615,126.3586953,제주시,카페,커피,커피빈제주애월DT점,제주시,애월읍,제주 제주시 애월읍 애월해안로 560,33.478080749926,126.363267902318,162,1.81,0.28,0.48,0.6081031543719547
232,신라스테이제주,제주특별자치도 제주시 노연로 100,33.489796,126.480314,제주시,한식,해장국,우리솥해장국,제주시,연동,제주 제주시 연삼로 10,33.49346157,126.4933607,66813,3.01,0.15000000000000002,0.42,1.2766720855658404
229,신라스테이제주,제주특별자치도 제주시 노연로 100,33.489796,126.480314,제주시,고기,돼지고기,연한돈,제주시,연동,제주 제주시 선덕로 6,33.48549506,126.4973506,28461,6.800000000000001,0.17,0.8300000000000001,1.6507230089827531
231,신라스테이제주,제주특별자치도 제주시 노연로 100,33.489796,126.480314,제주시,한식,면류,올래국수,제주시,연동,제주 제주시 귀아랑길 24,33.49150806,126.4973113,15026,4.470000000000001,10.18,9.959999999999999,1.5876825655360454
183,신라스테이제주,제주특별자치도 제주시 노연로 100,33.489796,126.480314,제주시,한식,가정식,곰돌식당,제주시,연동,제주 제주시 연동1길 10,33.48908723,126.486561,10005,1.0299999999999998,0.32,0.42000000000000004,0.5846537666791286
213,신라스테이제주,제주특별자치도 제주시 노연로 100,33.489796,126.480314,제주시,한식,가정식,삼대국수회관신제주점,제주시,연동,제주 제주시 신대로20길 32,33.48385821,126.4932258,8530,11.309999999999999,1.1,2.1500000000000004,1.3673839734143465
233,신라스테이제주,제주특별자치도 제주시 노연로 100,33.489796,126.480314,제주시,한식,가정식,유리네식당,제주시,연동,제주 제주시 연동 427-1,33.48147112,126.4971081,7081,15.28,11.07,11.89,1.8118004641439545
241,신라스테이제주,제주특별자치도 제주시 노연로 100,33.489796,126.480314,제주시,한식,가정식,제주국담,제주시,연동,제주 제주시 신대로12길 17,33.48860942,126.4947037,4541,1.58,1.2100000000000002,1.29,1.3409439374372885
214,신라스테이제주,제주특별자치도 제주시 노연로 100,33.489796,126.480314,제주시,한식,면류,삼무국수,제주시,연동,제주 제주시 연동 271-10,33.49059277,126.4909894,4400,10.370000000000001,7.680000000000001,8.24,0.9939344428134309
189,신라스테이제주,제주특별자치도 제주시 노연로 100,33.489796,126.480314,제주시,한식,가정식,논짓물,제주시,연동,제주  제주시  신대로12길  41 (연동),33.48865066,126.4921637,4102,7.31,12.379999999999999,12.28,1.1062437447908553
237,신라스테이제주,제주특별자치도 제주시 노연로 100,33.489796,126.480314,제주시,양식,양식,인스,제주시,연동,제주 제주시 과원북4길 95,33.48110753,126.4916704,4035,2.5,0.47000000000000003,0.7000000000000001,1.4291896023094441
185,신라스테이제주,제주특별자치도 제주시 노연로 100,33.489796,126.480314,제주시,한식,면류,국수만찬,제주시,연동,제주 제주시 은남3길 1,33.48713155,126.4955039,3814,7.71,2.73,3.31,1.4394755214901094
267,신라스테이제주,제주특별자치도 제주시 노연로 100,33.489796,126.480314,제주시,한식,가정식,황금어장,제주시,연동,제주 제주시 연동 294-114,33.48438103,126.4954439,3745,36.57,7.07,10.39,1.5268514057210154
266,신라스테이제주,제주특별자치도 제주시 노연로 100,33.489796,126.480314,제주시,고기,돼지고기,황금돈가,제주시,연동,제주 제주시 국기로2길 4,33.47991845,126.4902708,3713,11.620000000000001,0.28,1.47,1.434921425007682
252,신라스테이제주,제주특별자치도 제주시 노연로 100,33.489796,126.480314,제주시,카페,커피,카페로드,제주시,노형동,제주 제주시 원노형로 13,33.48746945,126.48476,3543,8.19,0.02,0.79,0.4867459342926155
186,신라스테이제주,제주특별자치도 제주시 노연로 100,33.489796,126.480314,제주시,한식,단품요리 전문,그라나다,제주시,노형동,제주 제주시 1100로 3308,33.48161779,126.4817741,3337,8.26,0.24,1.08,0.9194028060635612
234,신라스테이제주,제주특별자치도 제주시 노연로 100,33.489796,126.480314,제주시,한식,해장국,은희네해장국2호점,제주시,연동,제주 제주시 연북로 178,33.48140139,126.5002832,3307,44.010000000000005,3.45,7.54,2.0738759573739314
220,신라스테이제주,제주특별자치도 제주시 노연로 100,33.489796,126.480314,제주시,한식,가정식,순수한둠비연동점,제주시,노형동,제주 제주시 원노형로 36,33.48551281,126.4847402,3272,12.190000000000001,0.41,1.6099999999999999,0.6287457954103203
207,신라스테이제주,제주특별자치도 제주시 노연로 100,33.489796,126.480314,제주시,한식,단품요리 전문,복덕이네,제주시,연동,제주 제주시 도령로13길 15,33.49272351,126.4880331,3181,3.5,0.02,0.35,0.7863598922565027
194,신라스테이제주,제주특별자치도 제주시 노연로 100,33.489796,126.480314,제주시,고기,돼지고기,돈가,제주시,연동,제주 제주시 문송길 36,33.48643851,126.4970868,3108,14.06,0.6400000000000001,2.01,1.5996308887966824
192,신라스테이제주,제주특별자치도 제주시 노연로 100,33.489796,126.480314,제주시,한식,가정식,대춘해장국노형점,제주시,노형동,제주 제주시 원노형로 11,33.487619,126.4844561,2874,48.349999999999994,3.4299999999999997,7.97,0.4540358484799845
180,신라스테이제주,제주특별자치도 제주시 노연로 100,33.489796,126.480314,제주시,한식,가정식,거북이,제주시,연동,제주 제주시 국기로3길 9-9,33.47967262,126.490813,2845,3.6300000000000003,0.15000000000000002,0.48,1.4883506343325998
211,신라스테이제주,제주특별자치도 제주시 노연로 100,33.489796,126.480314,제주시,카페,커피,빽다방제주제원점,제주시,연동,제주 제주시 신광로 56,33.48720628,126.4897893,2793,3.89,0.13999999999999999,0.53,0.9246863175085411
243,신라스테이제주,제주특별자치도 제주시 노연로 100,33.489796,126.480314,제주시,한식,가정식,제주마음,제주시,노형동,제주 제주시 원노형3길 13,33.48644813,126.4845518,2766,11.7,19.64,19.580000000000002,0.5413235860367143
263,신라스테이제주,제주특별자치도 제주시 노연로 100,33.489796,126.480314,제주시,한식,해장국,한라산해장국,제주시,연동,제주 제주시 은남길 25,33.48738955,126.4959621,2710,3.5900000000000003,0.35,0.7,1.4756102229596906
201,신라스테이제주,제주특별자치도 제주시 노연로 100,33.489796,126.480314,제주시,한식,해장국,모이세본점,제주시,노형동,제주 제주시 원노형남1길 24,33.48385269,126.483166,2452,14.389999999999999,2.17,3.4200000000000004,0.7118282453648432
202,신라스테이제주,제주특별자치도 제주시 노연로 100,33.489796,126.480314,제주시,한식,해장국,모이세해장국연동점,제주시,연동,제주 제주시 연동11길 42,33.48621813,126.4930451,2452,18.05,0.99,2.7199999999999998,1.2458705944879696
222,신라스테이제주,제주특별자치도 제주시 노연로 100,33.489796,126.480314,제주시,한식,면류,신제주보말칼국수제주본점,제주시,연동,제주 제주시 선덕로5길 19,33.48790847,126.5000957,2399,6.819999999999999,2.6,3.11,1.8464420288900918
204,신라스테이제주,제주특별자치도 제주시 노연로 100,33.489796,126.480314,제주시,한식,해장국,미풍해장국연동점,제주시,연동,제주 제주시 제원길 7,33.48924156,126.4896033,2348,10.379999999999999,1.67,2.5700000000000003,0.8636486067639584
235,신라스테이제주,제주특별자치도 제주시 노연로 100,33.489796,126.480314,제주시,고기,돼지고기,이금돈지,제주시,연동,제주 제주시 연동 293-44,33.48608398,126.4953607,2321,6.710000000000001,10.54,10.64,1.4551520727436733
182,신라스테이제주,제주특별자치도 제주시 노연로 100,33.489796,126.480314,제주시,한식,가정식,고사리식당,제주시,연동,제주 제주시 삼무로3길 39,33.49029495,126.4917048,2208,0.98,0.31,0.38,1.0577779854729277
221,신라스테이제주,제주특별자치도 제주시 노연로 100,33.489796,126.480314,제주시,한식,단품요리 전문,시골길,제주시,연동,제주 제주시 연동13길 9,33.48885305,126.494721,2191,15.629999999999999,1.35,2.8,1.340147417147907
250,신라스테이제주,제주특별자치도 제주시 노연로 100,33.489796,126.480314,제주시,분식,분식,짱구분식,제주시,노형동,제주 제주시 노형동 726-1,33.48158541,126.4864978,2015,19.91,0.84,2.73,1.0781504322548123
262,신라스테이제주,제주특별자치도 제주시 노연로 100,33.489796,126.480314,제주시,한식,가정식,하영올레,제주시,연동,제주 제주시 연동3길 34,33.48684028,126.4878697,2009,3.9299999999999997,3.2,3.3899999999999997,0.7739404633066664
179,신라스테이제주,제주특별자치도 제주시 노연로 100,33.489796,126.480314,제주시,한식,일식,가나안돈까스,제주시,연동,제주 제주시 연화로1길 18,33.47846327,126.489231,1939,1.4400000000000002,0.01,0.16,1.5072638314411826
223,신라스테이제주,제주특별자치도 제주시 노연로 100,33.489796,126.480314,제주시,한식,베이커리,아라파파,제주시,연동,제주 제주시 국기로3길 2,33.47844752,126.4908988,1916,34.96,2.41,5.72,1.5987514630519966
236,신라스테이제주,제주특별자치도 제주시 노연로 100,33.489796,126.480314,제주시,한식,가정식,이모밥상,제주시,연동,제주 제주시 연북로 173,33.48189338,126.4999627,1891,10.52,2.05,2.9000000000000004,2.023017038808083
239,신라스테이제주,제주특별자치도 제주시 노연로 100,33.489796,126.480314,제주시,한식,단품요리 전문,재벌식당,제주시,연동,제주 제주시 도령로7길 20,33.49074651,126.4843801,1791,5.85,1.32,1.83,0.39160011643623066
228,신라스테이제주,제주특별자치도 제주시 노연로 100,33.489796,126.480314,제주시,한식,가정식,연정식당,제주시,연동,제주 제주시 신광로10길 29,33.48378858,126.4867715,1740,16.39,5.94,7.16,0.8971327954852452
196,신라스테이제주,제주특별자치도 제주시 노연로 100,33.489796,126.480314,제주시,피자.치킨.햄버거,햄버거,롯데리아신제주점,제주시,노형동,제주 제주시 연북로 22,33.48169531,126.4836878,1686,19.88,0.5,2.4400000000000004,0.9535508271376378
219,신라스테이제주,제주특별자치도 제주시 노연로 100,33.489796,126.480314,제주시,한식,가정식,송림식당,제주시,연동,제주 제주시 신대로14길 34,33.48793989,126.493026,1621,7.200000000000001,0.23,0.92,1.196789718500062
249,신라스테이제주,제주특별자치도 제주시 노연로 100,33.489796,126.480314,제주시,중식,중식,짬뽕에취한날,제주시,연동,제주 제주시 연동 311-21,33.49115468,126.4979092,1533,7.45,1.2999999999999998,1.96,1.6386561557921517
248,신라스테이제주,제주특별자치도 제주시 노연로 100,33.489796,126.480314,제주시,한식,가정식,진홍식당,제주시,연동,제주 제주시 신광로8길 5,33.48686503,126.4891604,1457,0.46,0.0,0.05,0.8827497606823739
238,신라스테이제주,제주특별자치도 제주시 노연로 100,33.489796,126.480314,제주시,한식,일식,자리돔,제주시,연동,제주 제주시 신대로18길 39,33.48457721,126.4922988,1435,3.48,0.12,0.49,1.2538174371154263
244,신라스테이제주,제주특별자치도 제주시 노연로 100,33.489796,126.480314,제주시,한식,가정식,제주바당,제주시,노형동,제주 제주시 원노형9길 24,33.48726285,126.4855598,1399,2.31,0.38000000000000006,0.5599999999999999,0.562137924111452
240,신라스테이제주,제주특별자치도 제주시 노연로 100,33.489796,126.480314,제주시,한식,가정식,정든식당,제주시,연동,제주 제주시 신대로10길 33,33.49070165,126.4932687,1384,3.4000000000000004,0.03,0.33999999999999997,1.2055603071790686
254,신라스테이제주,제주특별자치도 제주시 노연로 100,33.489796,126.480314,제주시,카페,커피,투썸플레이스제주연동점,제주시,연동,제주  제주시  신광로  79 1층  (연동),33.48505605,126.4901602,1372,11.170000000000002,0.7299999999999999,1.77,1.0543074512850716
215,신라스테이제주,제주특별자치도 제주시 노연로 100,33.489796,126.480314,제주시,한식,해물탕,삼성혈해물탕,제주시,연동,제주 제주시 선덕로5길 20,33.48800293,126.4997067,1282,9.49,3.38,4.1,1.8094177482714953
264,신라스테이제주,제주특별자치도 제주시 노연로 100,33.489796,126.480314,제주시,한식,단품요리 전문,호박이네,제주시,연동,제주 제주시 신광로10길 21,33.48373284,126.487375,1244,22.98,0.6900000000000001,2.91,0.9398573132362651
184,신라스테이제주,제주특별자치도 제주시 노연로 100,33.489796,126.480314,제주시,한식,가정식,공명식당,제주시,노형동,제주  제주시  원노형5길  5-2 (노형동),33.48789895,126.4844943,1191,3.19,0.10999999999999999,0.44,0.4413391262742886
259,신라스테이제주,제주특별자치도 제주시 노연로 100,33.489796,126.480314,제주시,한식,가정식,풍촌식당,제주시,연동,제주 제주시 은남2길 28,33.4884235,126.4927594,1121,8.94,0.27,1.1899999999999997,1.1641791506646044
217,신라스테이제주,제주특별자치도 제주시 노연로 100,33.489796,126.480314,제주시,한식,가정식,소담,제주시,연동,제주 제주시 신대로15길 2,33.48660037,126.4970517,1115,3.07,0.07,0.35000000000000003,1.592351772213367
255,신라스테이제주,제주특별자치도 제주시 노연로 100,33.489796,126.480314,제주시,베이커리.디저트,베이커리,파리바게뜨신제주점,제주시,연동,제주 제주시 신광로 47,33.4877534,126.4902963,1105,29.479999999999997,1.19,4.04,0.9531747003219734
256,신라스테이제주,제주특별자치도 제주시 노연로 100,33.489796,126.480314,제주시,베이커리.디저트,베이커리,파리바게뜨제주삼다점,제주시,연동,제주 제주시 신대로 72,33.49095431,126.4962556,1105,25.41,0.52,2.97,1.4839333740617635
258,신라스테이제주,제주특별자치도 제주시 노연로 100,33.489796,126.480314,제주시,베이커리.디저트,베이커리,파리바게뜨제주연동2호점,제주시,노형동,제주 제주시 원노형남2길 35,33.48269452,126.4850368,1105,26.650000000000002,0.52,3.12,0.9029832275218516
257,신라스테이제주,제주특별자치도 제주시 노연로 100,33.489796,126.480314,제주시,베이커리.디저트,베이커리,파리바게뜨제주연동1호점,제주시,연동,제주 제주시 국기로 8,33.48117278,126.489625,974,17.37,0.28,1.9299999999999997,1.2903644666022134
190,신라스테이제주,제주특별자치도 제주시 노연로 100,33.489796,126.480314,제주시,한식,가정식,대도식당연동점,제주시,연동,제주 제주시 연동 303-7,33.48700156,126.4959366,972,13.35,0.7200000000000001,1.95,1.4817311480116806
193,신라스테이제주,제주특별자치도 제주시 노연로 100,33.489796,126.480314,제주시,한식,가정식,도진식당,제주시,연동,제주 제주시 국기중길 27,33.47905946,126.4922868,960,4.91,0.3,0.7600000000000001,1.630395831829956
227,신라스테이제주,제주특별자치도 제주시 노연로 100,33.489796,126.480314,제주시,한식,단품요리 전문,엉덩물,제주시,연동,제주 제주시 성두길 7-7,33.49096515,126.4949212,935,13.750000000000002,0.69,2.06,1.3608126317469633
242,신라스테이제주,제주특별자치도 제주시 노연로 100,33.489796,126.480314,제주시,고기,돼지고기,제주돼지,제주시,연동,제주 제주시 신광로4길 6,33.48901044,126.4891339,882,1.08,0.14,0.24000000000000002,0.8225676371441842
191,신라스테이제주,제주특별자치도 제주시 노연로 100,33.489796,126.480314,제주시,한식,가정식,대선해장국,제주시,연동,제주 제주시 신대로12길 37,33.48862089,126.4926806,770,0.32,0.01,0.04,1.154243474011686
251,신라스테이제주,제주특별자치도 제주시 노연로 100,33.489796,126.480314,제주시,한식,해장국,청춘해장국,제주시,노형동,제주 제주시 1100로 3320,33.48284674,126.4812685,770,0.6399999999999999,0.09,0.14,0.7777771301011832
209,신라스테이제주,제주특별자치도 제주시 노연로 100,33.489796,126.480314,제주시,카페,커피,빽다방제주도청점,제주시,연동,제주 제주시 신대로7길 7,33.492007339914,126.497593183268,760,0.28,0.03,0.060000000000000005,1.6211200924664393
224,신라스테이제주,제주특별자치도 제주시 노연로 100,33.489796,126.480314,제주시,한식,가정식,앞뱅디식당,제주시,연동,제주 제주시 선덕로 32,33.48537311,126.499935,702,11.43,1.02,1.98,1.8848897937444913
216,신라스테이제주,제주특별자치도 제주시 노연로 100,33.489796,126.480314,제주시,한식,단품요리 전문,소낭,제주시,연동,제주 제주시 신광로4길 1,33.48874528,126.4895689,696,3.2,0.11,0.42000000000000004,0.8661735861337295
187,신라스테이제주,제주특별자치도 제주시 노연로 100,33.489796,126.480314,제주시,한식,해장국,김서방재첩해장국,제주시,노형동,제주 제주시 원노형6길 27,33.48367879,126.4829539,685,15.389999999999999,0.92,2.2,0.7229202200274536
203,신라스테이제주,제주특별자치도 제주시 노연로 100,33.489796,126.480314,제주시,한식,단품요리 전문,물,제주시,연동,제주 제주시 삼무로11길 9,33.492605144134,126.496334662433,676,0.18,0.71,0.6599999999999999,1.518133475990252
225,신라스테이제주,제주특별자치도 제주시 노연로 100,33.489796,126.480314,제주시,일식.회,회,어진횟집,제주시,연동,제주 제주시 도령로11길 26-5,33.493027089165,126.487299437411,573,0.16999999999999998,0.0,0.02,0.7407458823117302
199,신라스테이제주,제주특별자치도 제주시 노연로 100,33.489796,126.480314,제주시,고기,가정식,명륜진사갈비제주연동점,제주시,노형동,제주 제주시 원노형로 54,33.48381493,126.4845008,567,29.239999999999995,0.96,4.25,0.7701106784160896
226,신라스테이제주,제주특별자치도 제주시 노연로 100,33.489796,126.480314,제주시,한식,가정식,어촌마당,제주시,연동,제주 제주시 연동 273-45,33.48624828,126.4918179,559,0.35,0.03,0.07,1.1374352449784966
245,신라스테이제주,제주특별자치도 제주시 노연로 100,33.489796,126.480314,제주시,한식,단품요리 전문,제주부엌,제주시,노형동,제주 제주시 원노형로 37,33.485328773474,126.485173825212,551,1.2,0.65,0.75,0.6707184269299192
261,신라스테이제주,제주특별자치도 제주시 노연로 100,33.489796,126.480314,제주시,한식,가정식,하여금,제주시,노형동,제주 제주시 원노형4길 11,33.485106843421,126.482509370182,535,0.49,0.64,0.61,0.5597496699785567
218,신라스테이제주,제주특별자치도 제주시 노연로 100,33.489796,126.480314,제주시,한식,도시락,소영식당,제주시,연동,제주 제주시 삼무로9길 16,33.49228692,126.4946293,525,0.32,0.02,0.060000000000000005,1.3560964667038784
253,신라스테이제주,제주특별자치도 제주시 노연로 100,33.489796,126.480314,제주시,카페,커피,카페시도,제주시,연동,제주 제주시 성신로2길 23-5,33.49253422,126.4875447,522,0.64,0.02,0.08,0.7364194437164315
208,신라스테이제주,제주특별자치도 제주시 노연로 100,33.489796,126.480314,제주시,카페,커피,빠빠라기신제주점,제주시,연동,제주 제주시 신광로 45,33.488014798232,126.4902917213,430,2.86,0.22,0.65,0.9462530681476732
195,신라스테이제주,제주특별자치도 제주시 노연로 100,33.489796,126.480314,제주시,고기,돼지고기,돈풍,제주시,노형동,제주 제주시 노형동 915-10,33.4867263,126.4851818,351,0.54,0.12,0.16,0.5659441277816387
260,신라스테이제주,제주특별자치도 제주시 노연로 100,33.489796,126.480314,제주시,한식,단품요리 전문,프로젝트064,제주시,연동,제주 제주시 신광로4길 13,33.488777751493,126.48853539092,347,8.07,0.18000000000000002,1.2,0.7707760576531629
265,신라스테이제주,제주특별자치도 제주시 노연로 100,33.489796,126.480314,제주시,한식,가정식,황가네뚝배기,제주시,연동,제주 제주시 삼무로11길 24,33.49157091,126.4958038,347,0.7,0.73,0.74,1.449925817749147
205,신라스테이제주,제주특별자치도 제주시 노연로 100,33.489796,126.480314,제주시,베이커리.디저트,커피,배스킨라빈스신제주점,제주시,노형동,제주 제주시 도령로 52,33.48860919,126.4843312,305,2.11,0.16,0.41000000000000003,0.39522076341446283
206,신라스테이제주,제주특별자치도 제주시 노연로 100,33.489796,126.480314,제주시,베이커리.디저트,아이스크림/빙수,베스킨라빈스제주도청점,제주시,연동,제주 제주시 신대로 124,33.48637321,126.4961626,305,1.94,0.060000000000000005,0.29,1.5182269655977465
181,신라스테이제주,제주특별자치도 제주시 노연로 100,33.489796,126.480314,제주시,한식,가정식,고니식당,제주시,연동,제주 제주시 신대로 119,33.48658783,126.4967615,294,0.9400000000000001,0.03,0.12,1.5664468151967452
210,신라스테이제주,제주특별자치도 제주시 노연로 100,33.489796,126.480314,제주시,카페,커피,빽다방제주연동사거리점,제주시,연동,제주 제주시 선덕로 1,33.48584204,126.496968,287,3.42,0.08,0.42000000000000004,1.6058035923675105
246,신라스테이제주,제주특별자치도 제주시 노연로 100,33.489796,126.480314,제주시,한식,해장국,제주세호해장국연동점,제주시,연동,제주 제주시 신광로 12,33.49124734,126.4899559,240,1.92,0.46,0.61,0.9085805887540181
247,신라스테이제주,제주특별자치도 제주시 노연로 100,33.489796,126.480314,제주시,한식,가정식,제주세호해장국제주본점,제주시,노형동,제주 제주시 원노형3길 39,33.48652443,126.4819467,240,0.96,0.22,0.3,0.39403431861973154
197,신라스테이제주,제주특별자치도 제주시 노연로 100,33.489796,126.480314,제주시,카페,커피,메가커피제주도청점,제주시,연동,제주 제주시 신대로7길 3,33.491959139887,126.497335770381,221,1.4,0.16999999999999998,0.33999999999999997,1.5967137968404075
198,신라스테이제주,제주특별자치도 제주시 노연로 100,33.489796,126.480314,제주시,카페,커피,메가커피제주연동점,제주시,연동,제주 제주시 과원북2길 48,33.478722883023,126.487601910868,221,0.93,0.03,0.16,1.4045868743447014
230,신라스테이제주,제주특별자치도 제주시 노연로 100,33.489796,126.480314,제주시,한식,가정식,영건식당,제주시,연동,제주 제주시 신대로16길 44,33.48712091,126.4916629,202,2.18,0.05,0.27,1.0936834858508684
188,신라스테이제주,제주특별자치도 제주시 노연로 100,33.489796,126.480314,제주시,한식,가정식,노조미,제주시,연동,제주 제주시 국기로2길 2-3,33.47952131946,126.490234667746,201,0.91,0.11,0.23,1.4668942857745373
200,신라스테이제주,제주특별자치도 제주시 노연로 100,33.489796,126.480314,제주시,피자.치킨.햄버거,치킨,모니카옛날통닭,제주시,연동,제주 제주시 도령로13길 16-3,33.49295848,126.4890653,156,1.98,0.18,0.33,0.8844492977598767
212,신라스테이제주,제주특별자치도 제주시 노연로 100,33.489796,126.480314,제주시,한식,가정식,산우정,제주시,연동,제주 제주시 은남4길 29,33.48623131,126.4926467,154,6.16,0.26,0.81,1.2104352755034526
277,제주 골드원 호텔 스위트,제주특별자치도 서귀포시 이어도로 1032,33.243715,126.562234,서귀포시,양식,양식,하라케케,서귀포시,대륜동,제주 서귀포시 속골로 29-10,33.24225341,126.5280498,4625,6.2299999999999995,3.2399999999999998,3.66,3.1832264245859
269,제주 골드원 호텔 스위트,제주특별자치도 서귀포시 이어도로 1032,33.243715,126.562234,서귀포시,카페,커피,벙커하우스,서귀포시,대륜동,제주 서귀포시 막숙포로41번길 66,33.24071393,126.5191273,4056,14.399999999999999,3.6,4.78,4.022753120607388
274,제주 골드원 호텔 스위트,제주특별자치도 서귀포시 이어도로 1032,33.243715,126.562234,서귀포시,한식,커피,카페귤꽃다락,서귀포시,대륜동,제주 서귀포시 이어도로1027번길 34,33.24641661,126.5225398,3203,1.9299999999999997,2.6500000000000004,2.69,3.703611298381374
270,제주 골드원 호텔 스위트,제주특별자치도 서귀포시 이어도로 1032,33.243715,126.562234,서귀포시,한식,해물탕,삼성혈해물탕서귀포점,서귀포시,대륜동,제주 서귀포시 서호남로32번길 31-1,33.24879788,126.5143018,1282,4.37,1.56,1.92,4.493138999500194
276,제주 골드원 호텔 스위트,제주특별자치도 서귀포시 이어도로 1032,33.243715,126.562234,서귀포시,한식,가정식,테왁,서귀포시,대륜동,제주 서귀포시 서호남로32번길 10-4,33.24962907,126.5151998,1180,6.16,1.5499999999999998,2.07,4.423079127262632
272,제주 골드원 호텔 스위트,제주특별자치도 서귀포시 이어도로 1032,33.243715,126.562234,서귀포시,한식,가정식,양혜란식당,서귀포시,대륜동,제주 서귀포시 서호남로32번길 41,33.24977526,126.5146071,1079,8.940000000000001,1.62,2.41,4.4800044580678975
268,제주 골드원 호텔 스위트,제주특별자치도 서귀포시 이어도로 1032,33.243715,126.562234,서귀포시,카페,커피,레스카페,서귀포시,대륜동,제주 서귀포시 이어도로1027번길 29,33.24577537,126.5209304,971,1.21,0.02,0.15,3.847916497236196
271,제주 골드원 호텔 스위트,제주특별자치도 서귀포시 이어도로 1032,33.243715,126.562234,서귀포시,한식,가정식,소낭집,서귀포시,대륜동,제주 서귀포시 막숙포로37번길 12,33.23815746,126.5164452,696,13.099999999999998,0.79,2.09,4.30298949268195
273,제주 골드원 호텔 스위트,제주특별자치도 서귀포시 이어도로 1032,33.243715,126.562234,서귀포시,한식,순두부,일품순두부신시가지점,서귀포시,대륜동,제주 서귀포시 서호남로32번길 31,33.24863524,126.5142723,621,16.8,1.1600000000000001,2.87,4.49362700379827
278,제주 골드원 호텔 스위트,제주특별자치도 서귀포시 이어도로 1032,33.243715,126.562234,서귀포시,일식.회,회,하영횟집,서귀포시,대륜동,제주 서귀포시 이어도로 1043,33.24526823,126.5222587,285,3.69,1.14,1.44,3.7215834083162402
275,제주 골드원 호텔 스위트,제주특별자치도 서귀포시 이어도로 1032,33.243715,126.562234,서귀포시,한식,커피,카페오늘의바다,서귀포시,대륜동,제주 서귀포시 이어도로 990,33.24164464,126.5185429,96,0.31,0.08,0.11,4.06973174905565
287,제주 일레인 호텔,제주특별자치도 서귀포시 일주서로 660,33.254332,126.562036,서귀포시,한식,가정식,은희네해장국,서귀포시,중문동,제주 서귀포시 중문관광로 348,33.2510389,126.4317461,6863,16.47,5.800000000000001,7.02,12.120935163564708
289,제주 일레인 호텔,제주특별자치도 서귀포시 일주서로 660,33.254332,126.562036,서귀포시,한식,가정식,중문가람돌솥밥,서귀포시,중문동,제주 서귀포시 중문관광로 332,33.24965422,126.4313309,6564,10.8,14.97,15.110000000000001,12.165232654473511
292,제주 일레인 호텔,제주특별자치도 서귀포시 일주서로 660,33.254332,126.562036,서귀포시,일식.회,일식,한스시,서귀포시,중문동,제주 서귀포시 천제연로 238,33.25125024,126.4299181,2414,0.44,0.08,0.13,12.290148240758764
279,제주 일레인 호텔,제주특별자치도 서귀포시 일주서로 660,33.254332,126.562036,서귀포시,한식,가정식,누이밥집,서귀포시,중문동,제주 서귀포시 중산간서로 695,33.26288282,126.4408282,2043,7.039999999999999,2.54,3.05,11.3101488825343
284,제주 일레인 호텔,제주특별자치도 서귀포시 일주서로 660,33.254332,126.562036,서귀포시,피자.치킨.햄버거,햄버거,불턱버거클럽,서귀포시,중문동,제주 서귀포시 일주서로570번길 1,33.25311031,126.4480949,1857,6.569999999999999,2.4800000000000004,2.96,10.595905280089355
286,제주 일레인 호텔,제주특별자치도 서귀포시 일주서로 660,33.254332,126.562036,서귀포시,일식.회,일식,스시망고,서귀포시,중문동,제주 서귀포시 1100로 171,33.26263526,126.4433761,1549,7.93,6.6899999999999995,7.08,11.071783340574104
288,제주 일레인 호텔,제주특별자치도 서귀포시 일주서로 660,33.254332,126.562036,서귀포시,한식,면류,제주돌하르방밀면,서귀포시,중문동,제주 서귀포시 중문관광로 331,33.24987023,126.4305866,647,1.75,0.68,0.8200000000000002,12.233368519895928
282,제주 일레인 호텔,제주특별자치도 서귀포시 일주서로 660,33.254332,126.562036,서귀포시,고기,돼지고기,돈사돈중문점,서귀포시,중문동,제주 서귀포시 천제연로 264-1,33.25084848,126.4330908,452,0.35000000000000003,1.48,1.4900000000000002,11.996629881388598
285,제주 일레인 호텔,제주특별자치도 서귀포시 일주서로 660,33.254332,126.562036,서귀포시,한식,가정식,소담명가찰솥밥,서귀포시,중문동,제주 서귀포시 천제연로 357,33.25242102,126.4427203,390,1.33,0.66,0.7500000000000001,11.096880417577308
280,제주 일레인 호텔,제주특별자치도 서귀포시 일주서로 660,33.254332,126.562036,서귀포시,한식,가정식,대포칼제비,서귀포시,중문동,제주 서귀포시 중문관광로 338,33.25023287,126.43146,382,2.81,0.62,0.8699999999999999,12.150614857390174
291,제주 일레인 호텔,제주특별자치도 서귀포시 일주서로 660,33.254332,126.562036,서귀포시,한식,가정식,중문큰집어멍,서귀포시,중문동,제주 서귀포시 중문관광로 336,33.250016402869,126.431453154749,300,0.30000000000000004,0.81,0.78,12.152192658823285
281,제주 일레인 호텔,제주특별자치도 서귀포시 일주서로 660,33.254332,126.562036,서귀포시,고기,돼지고기,돈블럭,서귀포시,중문동,제주 서귀포시 천제연로 303,33.25142205,126.4371152,288,0.06,0.14,0.14,11.620621003446862
290,제주 일레인 호텔,제주특별자치도 서귀포시 일주서로 660,33.254332,126.562036,서귀포시,한식,단품요리 전문,중문별장,서귀포시,중문동,제주 서귀포시 천제연로 337,33.25234461489,126.440221386894,212,0.14,0.02,0.04,11.329373347597484
283,제주 일레인 호텔,제주특별자치도 서귀포시 일주서로 660,33.254332,126.562036,서귀포시,한식,단품요리 전문,동백정원,서귀포시,중문동,제주 서귀포시 이어도로343번길 117,33.24963573,126.4463751,92,0.28,0.11,0.13,10.767837114710042
302,해비치 호텔 & 리조트,제주 서귀포시 표선면 민속해안로 537,33.317332,126.830452,서귀포시,일식.회,회,표선수산마트,서귀포시,표선면,제주 서귀포시 표선면 표선중앙로110번길 3-4,33.32540318,126.8360411,3612,2.61,0.94,1.12,1.0368923832982695
296,해비치 호텔 & 리조트,제주 서귀포시 표선면 민속해안로 537,33.317332,126.830452,서귀포시,한식,면류,당케올레국수,서귀포시,표선면,제주 서귀포시 표선면 민속해안로 584,33.32524691,126.8434432,3420,7.14,5.6899999999999995,6.01,1.493857193723244
306,해비치 호텔 & 리조트,제주 서귀포시 표선면 민속해안로 537,33.317332,126.830452,서귀포시,한식,가정식,한라산아래첫마을표선민속촌점,서귀포시,표선면,제주 서귀포시 표선면 민속해안로 631-34,33.32254534,126.8418679,2535,14.440000000000001,4.73,5.85,1.2087952642971764
301,해비치 호텔 & 리조트,제주 서귀포시 표선면 민속해안로 537,33.317332,126.830452,서귀포시,일식.회,회,표선수산,서귀포시,표선면,제주 서귀포시 표선면 표선백사로103번길 4-3,33.32478914,126.8359418,2437,7.24,0.0,0.75,0.9735275201989424
300,해비치 호텔 & 리조트,제주 서귀포시 표선면 민속해안로 537,33.317332,126.830452,서귀포시,고기,돼지고기,칠돈가표선직영점,서귀포시,표선면,제주 서귀포시 표선면 표선당포로 13-1,33.32586565,126.8440472,1979,3.7,10.389999999999999,10.06,1.579894955038374
307,해비치 호텔 & 리조트,제주 서귀포시 표선면 민속해안로 537,33.317332,126.830452,서귀포시,한식,가정식,희동이네,서귀포시,표선면,제주 서귀포시 표선면 표선중앙로 101,33.32587732,126.8346815,1912,0.37,0.03,0.060000000000000005,1.0282560928681777
297,해비치 호텔 & 리조트,제주 서귀포시 표선면 민속해안로 537,33.317332,126.830452,서귀포시,한식,면류,돌담칼국수,서귀포시,표선면,제주 서귀포시 표선면 민속해안로 582,33.32523879,126.84354,1272,1.05,1.41,1.41,1.5006049395848078
293,해비치 호텔 & 리조트,제주 서귀포시 표선면 민속해안로 537,33.317332,126.830452,서귀포시,한식,면류,국수앤,서귀포시,표선면,제주 서귀포시 표선면 표선당포로 19-3,33.32625481,126.8442032,1265,5.82,2.8899999999999997,3.28,1.617679032451027
304,해비치 호텔 & 리조트,제주 서귀포시 표선면 민속해안로 537,33.317332,126.830452,서귀포시,한식,면류,표선칼국수,서귀포시,표선면,제주 서귀포시 표선면 민속해안로 578-3,33.32515504,126.8442284,997,0.8900000000000001,0.9000000000000001,0.9299999999999999,1.5476388014637996
298,해비치 호텔 & 리조트,제주 서귀포시 표선면 민속해안로 537,33.317332,126.830452,서귀포시,피자.치킨.햄버거,햄버거,롯데리아제주표선해변점,서귀포시,표선면,제주 서귀포시 표선면 표선백사로 127,33.32676992,126.8366029,960,14.160000000000002,1.29,2.63,1.1949747590889892
303,해비치 호텔 & 리조트,제주 서귀포시 표선면 민속해안로 537,33.317332,126.830452,서귀포시,한식,가정식,표선어촌식당,서귀포시,표선면,제주  서귀포시  표선면  민속해안로  578-7 표선어촌식당,33.32527473,126.8444954,559,5.01,1.19,1.6099999999999999,1.5756400440506004
305,해비치 호텔 & 리조트,제주 서귀포시 표선면 민속해안로 537,33.317332,126.830452,서귀포시,한식,단품요리 전문,표선하다,서귀포시,표선면,제주 서귀포시 표선면 표선당포로 21-3,33.326457238079,126.844640858793,248,0.11,0.07,0.08,1.6636168434298446
295,해비치 호텔 & 리조트,제주 서귀포시 표선면 민속해안로 537,33.317332,126.830452,서귀포시,한식,회,다미진횟집,서귀포시,표선면,제주 서귀포시 표선면 민속해안로 578-1,33.32509915,126.8440358,200,0.98,0.32,0.39,1.529352831974592
299,해비치 호텔 & 리조트,제주 서귀포시 표선면 민속해안로 537,33.317332,126.830452,서귀포시,고기,가정식,제주흑돈세상수라간표선점,서귀포시,표선면,제주 서귀포시 표선면 표선당포로 23,33.32638751,126.8448995,193,0.27,0.69,0.69,1.6780611656649398
294,해비치 호텔 & 리조트,제주 서귀포시 표선면 민속해안로 537,33.317332,126.830452,서귀포시,한식,회,금데기횟집,서귀포시,표선면,제주 서귀포시 표선면 표선당포로 19-5,33.32632553,126.8440519,94,1.48,0.57,0.7,1.6114666211201736
320,히든 클리프 호텔 앤 네이처,제주특별자치도 서귀포시 상예동 625,33.246711,126.512065,서귀포시,고기,돼지고기,연돈,서귀포시,예래동,제주 서귀포시 일주서로 968-10,33.2589039,126.4071702,28461,7.51,16.54,16.19,9.847724753355346
317,히든 클리프 호텔 앤 네이처,제주특별자치도 서귀포시 상예동 625,33.246711,126.512065,서귀포시,고기,가정식,숙성도중문점,서귀포시,예래동,제주 서귀포시 일주서로 966,33.25858532,126.4076374,22151,11.99,54.150000000000006,51.91,9.799878178829164
308,히든 클리프 호텔 앤 네이처,제주특별자치도 서귀포시 상예동 625,33.246711,126.512065,서귀포시,한식,가정식,국수바다본점,서귀포시,예래동,제주 서귀포시 일주서로 982,33.25849314,126.4060723,6322,5.590000000000001,6.84,6.939999999999999,9.942755515587287
323,히든 클리프 호텔 앤 네이처,제주특별자치도 서귀포시 상예동 625,33.246711,126.512065,서귀포시,한식,단품요리 전문,중문색달통갈치,서귀포시,예래동,제주 서귀포시 일주서로 993,33.25830247,126.4045627,5062,2.3200000000000003,18.17,17.19,10.079201068058154
312,히든 클리프 호텔 앤 네이처,제주특별자치도 서귀포시 상예동 625,33.246711,126.512065,서귀포시,고기,돼지고기,돈이랑,서귀포시,예래동,제주 서귀포시 일주서로 953,33.25770235,126.4090914,4770,3.0900000000000003,21.150000000000002,20.07,9.653049825026136
310,히든 클리프 호텔 앤 네이처,제주특별자치도 서귀포시 상예동 625,33.246711,126.512065,서귀포시,한식,가정식,덤장중문점,서귀포시,예래동,제주 서귀포시 천제연로 17,33.25770884,126.4081899,2956,4.73,7.06,7.1000000000000005,9.736300422653956
324,히든 클리프 호텔 앤 네이처,제주특별자치도 서귀포시 상예동 625,33.246711,126.512065,서귀포시,한식,분식,중문해물라면오빠네본점,서귀포시,예래동,제주 서귀포시 일주서로 962,33.25830988,126.4079536,2690,0.53,3.96,3.7600000000000007,9.766667675113466
322,히든 클리프 호텔 앤 네이처,제주특별자치도 서귀포시 상예동 625,33.246711,126.512065,서귀포시,한식,해장국,중문미향해장국본점,서귀포시,예래동,제주 서귀포시 일주서로 962,33.25830988,126.4079536,2348,6.959999999999999,2.24,2.8000000000000003,9.766667675113466
325,히든 클리프 호텔 앤 네이처,제주특별자치도 서귀포시 상예동 625,33.246711,126.512065,서귀포시,한식,가정식,형제도식당,서귀포시,예래동,제주 서귀포시 일주서로 915,33.25786042,126.4129947,1936,1.58,7.760000000000001,7.590000000000001,9.295441879615119
311,히든 클리프 호텔 앤 네이처,제주특별자치도 서귀포시 상예동 625,33.246711,126.512065,서귀포시,중식,중식,도두반점호텔더본점,서귀포시,예래동,제주 서귀포시 색달로 18,33.25958421,126.4060847,1668,19.61,4.569999999999999,6.23,9.958265730402193
316,히든 클리프 호텔 앤 네이처,제주특별자치도 서귀포시 상예동 625,33.246711,126.512065,서귀포시,한식,가정식,목포고을,서귀포시,예래동,제주 서귀포시 일주서로 968-5,33.25845457,126.4072189,1635,4.08,7.58,7.49,9.836506862726061
318,히든 클리프 호텔 앤 네이처,제주특별자치도 서귀포시 상예동 625,33.246711,126.512065,서귀포시,고기,돼지고기,신우성흑돼지,서귀포시,예래동,제주 서귀포시 중문관광로72번길 29-9,33.24963581,126.4114158,1293,3.8000000000000003,12.82,12.39,9.365304235811633
315,히든 클리프 호텔 앤 네이처,제주특별자치도 서귀포시 상예동 625,33.246711,126.512065,서귀포시,피자.치킨.햄버거,양식,맥도날드제주중문DT점,서귀포시,예래동,제주 서귀포시 중문관광로 38,33.25495622,126.413616,1049,7.94,1.23,1.88,9.200568520923921
319,히든 클리프 호텔 앤 네이처,제주특별자치도 서귀포시 상예동 625,33.246711,126.512065,서귀포시,일식.회,회,엉덩물횟집,서귀포시,예래동,제주 서귀포시 중문관광로72번길 29-9,33.24963581,126.4114158,935,2.28,8.59,8.2,9.365304235811633
314,히든 클리프 호텔 앤 네이처,제주특별자치도 서귀포시 상예동 625,33.246711,126.512065,서귀포시,한식,단품요리 전문,망고하이,서귀포시,예래동,제주 서귀포시 일주서로 972,33.25823331,126.4069033,705,0.39999999999999997,1.7800000000000002,1.6700000000000002,9.862380872261607
326,히든 클리프 호텔 앤 네이처,제주특별자치도 서귀포시 상예동 625,33.246711,126.512065,서귀포시,한식,단품요리 전문,호텔더본제주,서귀포시,예래동,제주 서귀포시 색달동 2138번지,33.25958421,126.4060847,667,22.98,8.209999999999999,9.91,9.958265730402193
321,히든 클리프 호텔 앤 네이처,제주특별자치도 서귀포시 상예동 625,33.246711,126.512065,서귀포시,한식,가정식,조은날식당,서귀포시,예래동,제주 서귀포시 예래로109번길 12,33.25143133,126.396071,527,1.57,0.02,0.16,10.79926412704261
313,히든 클리프 호텔 앤 네이처,제주특별자치도 서귀포시 상예동 625,33.246711,126.512065,서귀포시,한식,가정식,맛있수다,서귀포시,예래동,제주 서귀포시 예래로 50,33.2559137,126.4010863,101,0.17,0.65,0.64,10.370464177795883
309,히든 클리프 호텔 앤 네이처,제주특별자치도 서귀포시 상예동 625,33.246711,126.512065,서귀포시,고기,고기,다다익고정육점식당,서귀포시,예래동,제주 서귀포시 색달로 25,33.2602852242,126.405910978674,96,0.13,0.13,0.13,9.985697756061713
